product_id,product_name,category,price
13ad1499-2dc2-49f6-b508-d7f73d77358d,National Ultra,Toys,440.9
b919ff66-2ed4-4208-8e47-523e5181efbc,Remain Max,Beauty,193.89
b957fdc0-4592-49ee-9b20-5b96d9cd13e5,Water Max,Home & Kitchen,146.99
2e45ed3a-4215-452f-a087-0415193d744c,Child Ultra,Toys,310.14
c7b2f94b-037e-4b04-804d-a9b504dc26bb,Central Plus,Sports,184.37
47a6c2aa-a2a3-4217-8704-8904e7954c7c,Stage Plus,Home & Kitchen,403.49
fb6455a4-2080-4547-be4d-d87964204fd2,Score Ultra,Home & Kitchen,211.63
a36bdc0f-22bb-4713-88b6-fc04a94ca15b,Film Pro,Beauty,359.72
a6878128-f3f7-489b-ae3d-dfb519344463,Time Plus,Books,256.97
65c2a889-39fc-445c-ad6c-27344dca38a2,Pick Pro,Sports,285.63
ea2191e4-4f02-4596-b2e1-45d9904822d2,Without Plus,Toys,221.99
63d8fa30-b6fe-4f9a-8f05-75f1dbdcc97a,Message Ultra,Toys,209.52
fff21cad-b02c-4e30-bc15-b12f885f829d,Must Max,Sports,367.07
12ea1286-e701-40f5-a1c0-66e3f51c1520,Direction Plus,Toys,467.57
5eb1af62-7fb5-4c89-a532-3696cdfa7e1d,Not Max,Beauty,476.3
63c17964-97df-4f7b-b403-d05b10a02e1f,Center Plus,Beauty,456.73
9b1dc53d-7942-4830-b3b6-36927c269310,Teacher Max,Books,280.35
0fb0d8ce-fedf-4a42-8b57-1a8a70dc73ce,Here Pro,Home & Kitchen,222.8
1ca3a78e-3346-4a56-ac2e-6465d4a3ea45,Continue Pro,Beauty,460.0
135ce2d2-1645-49c6-8455-994dd9210bbe,Benefit Ultra,Toys,135.96
49bfac08-20c0-4e56-9161-6a951a748f32,System Pro,Sports,441.59
116908e2-4082-4a9a-b2bf-040e6e449ce2,Account Max,Sports,164.24
24682578-a287-42ed-a21c-6d27ab8c4f3c,Able Ultra,Sports,437.18
6240a8eb-6172-4332-b969-c703b659ca10,Them Ultra,Toys,120.98
20d80f03-42a3-40ff-955a-b0e3cc757c8c,Out Ultra,Sports,358.62
184b94ed-63a7-4aea-b99a-d60ebb955558,Mouth Max,Home & Kitchen,54.74
8e899200-4e7f-408d-a49e-5b62905880c5,Listen Ultra,Books,356.05
de3de29d-c6e0-45c2-8565-e5c11c9e5b0f,American Max,Electronics,247.93
1a8c36f0-e59a-4e55-a9aa-9c85a24cee1a,Cultural Pro,Clothing,128.29
311c6dd2-d5eb-4444-beba-4fe4996d4ed7,Capital Max,Electronics,442.25
469caab2-99f9-4991-a347-7461f374b610,Change Pro,Books,326.23
3c854ec9-3909-458c-913f-0fdab430ed25,Trial Plus,Electronics,53.14
15a5b176-b909-4dcd-a775-4caaea3fa6d0,Consumer Plus,Home & Kitchen,270.03
7f21adfd-5a63-495b-8743-6343780764d0,Player Max,Toys,378.75
92118127-81c6-4aa5-8f79-4b05bb29477e,So Max,Toys,226.35
6e0c829e-b641-4273-9d8c-fb3247bb4ade,Of Pro,Books,39.36
dacefc83-9479-4252-9f6d-4edf266d92cb,American Plus,Books,87.52
2defa4f5-c8f3-4825-a5b8-967eae007417,Both Pro,Toys,104.09
9f5c0fbc-da34-4d79-ba44-5882d8422f94,Culture Plus,Electronics,19.27
62353471-b008-4ef9-b2c8-a0dc272d4666,Red Pro,Toys,490.5
653971a5-558e-4600-8f26-d5233676a563,Never Plus,Electronics,322.88
50ea7359-c7ca-480d-82c1-90bc35d0ef85,Former Plus,Sports,234.33
fea5b766-e5bb-4734-b165-9d40f15fb37d,Debate Ultra,Toys,405.83
63b18411-8729-43c7-9dfd-6a5d36b122a4,Anyone Plus,Clothing,94.91
96a77e6d-4989-4307-80a7-cb85ca38f9ab,Blood Pro,Beauty,9.03
c1df57b2-2098-45ed-8169-0d81bf916f21,Reach Pro,Beauty,241.54
0a9764d3-0aee-41f8-9916-c874f86f93c7,Pretty Pro,Electronics,301.54
77a43093-535b-4917-b618-c5518feea6ec,Thousand Max,Toys,458.87
71facd42-7222-482d-a08a-024ec2ee35c7,Force Ultra,Home & Kitchen,205.08
5b26dbc3-78fb-40d7-94db-54ff78b0403d,Whatever Pro,Electronics,36.1
4e12b3f9-2028-45e2-b92c-ffa664aee755,Miss Ultra,Beauty,497.94
edf42e58-997f-4248-9663-eef86d99c414,Guy Plus,Toys,279.17
b62b95c6-6260-4d0e-987a-8d6e38290732,Choose Max,Clothing,490.15
51f00e79-9557-49ab-a49a-6c281ded376f,My Max,Beauty,183.28
ad1f9924-66d6-491b-bd86-28300ffc9501,Everybody Pro,Electronics,223.1
e584e7e2-85a5-4ba2-add0-58ca301b8d4a,End Plus,Home & Kitchen,7.61
53a8d7d5-c813-4553-8c40-57d91019afff,Treatment Ultra,Home & Kitchen,126.86
98320eb1-3e6b-48d7-a451-5fb6fbd39bfa,Guy Pro,Clothing,105.69
e91b4954-5dfe-4751-aba1-7adac80d1844,Leg Max,Sports,205.25
6b5ce3c3-e5b8-4f0a-b648-671b5c52a39d,Piece Pro,Beauty,236.58
dcbcd706-f5ad-44de-9f6b-d997cad39b4f,Weight Plus,Home & Kitchen,270.1
af35bc56-f150-4edf-8c76-56df4e0e327c,Gas Max,Clothing,17.92
d3c9aa2e-be84-4780-8d9f-521e91e5c1cc,Important Plus,Books,6.51
cd9d22ee-6f3d-487a-9863-64921c0aae38,Treatment Max,Electronics,249.45
2e5f4c84-8c36-4192-956b-35513d2e5e56,Smile Ultra,Clothing,400.28
af13ff19-f552-4469-9fbc-4a256b4fe4ca,Conference Ultra,Sports,240.42
f5b5bc3d-6a87-4440-9f74-cffe457a3105,Red Ultra,Home & Kitchen,339.77
2df75586-884b-4cb6-919f-7dace555f1b7,Shake Ultra,Sports,212.04
0ef06396-c526-4a4f-87a1-0b93ea47cacc,Guy Ultra,Clothing,473.05
b452bf5f-eb91-4176-89a0-e01f805797cd,Range Ultra,Sports,467.09
633927c5-6c6c-48ae-9de9-a2dffc2f6d51,Deep Ultra,Electronics,477.22
73d45d46-6bca-4fc5-8300-0a3d98df0f53,Last Max,Electronics,361.68
e8d32927-b4f4-4880-8338-5427bafa8a77,Best Plus,Toys,38.28
2afa184e-864a-4574-b0df-ae4eaf24db13,Sure Plus,Books,372.85
beb2f2ce-01f6-47d9-ab34-728e769b851d,Unit Ultra,Clothing,78.0
a4de0912-ae7d-409e-829e-c8805fe89429,Arrive Max,Electronics,220.78
b2fbd5b3-fe26-4fcc-b498-4fa8635ae440,Age Ultra,Home & Kitchen,103.01
1e317b17-48a5-4c0f-ac7a-684a59a7cb19,Seven Plus,Home & Kitchen,49.06
86b64726-e6fe-4de2-8db0-5cccfc3da882,Human Plus,Electronics,82.91
2d5ef5b9-b4ec-4ba3-8422-e3eed1244999,Turn Max,Sports,66.28
2e338e7f-8796-434e-ac09-0c66f9ea3b5c,Stand Pro,Sports,196.42
67b6ab22-3930-4c6f-bf2a-ac0652679caa,Agree Pro,Toys,16.02
260f571e-e017-4b3d-8233-0b7f9321a641,Everyone Pro,Electronics,348.11
d97e2784-8352-488a-a728-449b2ca920c2,Difference Plus,Sports,383.5
33aee01f-20db-4af3-8a07-838651d3a7d0,Well Plus,Clothing,93.71
5a52bb60-2111-494a-8b47-d222dca942bc,Where Ultra,Electronics,192.66
994885c2-aff3-472b-b850-d1a4d9eb73d6,Speech Ultra,Beauty,197.08
de75e615-92d6-4029-8342-52b859f0f60e,Audience Pro,Electronics,390.9
49c019d8-4558-46e7-863a-08affb0b29dd,Plan Max,Beauty,236.03
e5d178cc-5004-4e1f-a3ec-722c3d4e81dc,Culture Pro,Sports,250.04
6fc9d3ae-3aa1-4f3b-9919-1c5d409541d5,Collection Pro,Clothing,299.35
e851d3d5-aad8-46c9-b1c5-bbaedf03d95b,Machine Pro,Books,155.32
d4865486-9554-4c00-ab52-3eff05baa5bc,Not Plus,Sports,116.52
a399dc04-ac61-41da-896c-338dcc487164,If Max,Beauty,164.27
bf792f11-d986-4121-977c-322d4d8086f4,Approach Max,Clothing,322.56
8e76bfad-acf8-4363-8711-f9e9862a7cc6,Wall Max,Home & Kitchen,480.0
500878e6-e83a-4e65-b285-7ac7e8a430da,State Pro,Beauty,431.06
a2b364ef-671a-4f40-91d6-b67646ee2874,Draw Pro,Books,123.65
a2c0483c-4af6-4ef4-94e7-567836eb72b2,Add Max,Beauty,458.68
01c472d8-83c3-4035-a949-f6bb1ea72f23,Recently Max,Books,413.16
35f15cef-54df-4d71-9a67-d0857c36d428,Information Plus,Sports,69.69
c135a481-a99d-4cd0-865c-26563dc09ba8,Throw Ultra,Clothing,32.67
8aa6f9a4-ce5d-4ee7-a1f6-e775326fe808,A Pro,Electronics,431.94
591d432c-5042-4b30-993a-db8413762628,President Plus,Beauty,498.0
92bfea31-2a38-47c3-8e06-15f5a33dfc41,Write Pro,Sports,267.45
c09474ec-84a7-4816-85db-c29ca549a01e,Why Ultra,Electronics,77.93
6098e1f6-dd9d-4a50-ab9a-836b8c2fe468,Past Max,Books,148.43
714c2ba3-7905-4723-a327-19b046abfe44,General Plus,Books,446.28
e8204edc-c031-4699-8000-ea853c1f3cad,Suddenly Pro,Clothing,279.9
ae4f3dbb-ded7-4a44-871e-7b55c9f04677,Body Max,Toys,268.03
19866682-91e9-4434-82a2-c5d77fa999aa,Soldier Pro,Electronics,284.31
733d7959-60d5-4de6-bb9c-3287386386b5,Consumer Ultra,Sports,232.85
6217dc96-f79b-4be2-a961-e56b96deee00,Population Pro,Sports,402.93
f8681f4c-e2c5-4563-9a4f-c70572eea1c0,Would Plus,Clothing,439.4
c90a974a-1f46-4e14-9876-0949981fda5f,Law Ultra,Toys,450.46
9f266d74-50b8-4bf7-8924-6bdf28376a7f,Join Pro,Beauty,121.32
7a0d7658-eb80-4062-906a-baf1a8fe42d9,Actually Max,Electronics,422.19
e7f06299-5495-4876-8730-783ff0fc4faa,Contain Ultra,Clothing,339.0
d63ac0a0-0a48-40f0-9ffc-34c9c8df2e78,Small Pro,Electronics,430.58
cac51a43-63b6-4ef1-b1cd-c2f5d1ed33a1,Where Max,Home & Kitchen,333.93
79817b7c-c72f-40f8-b0e7-3f4521dc069f,Good Ultra,Toys,155.57
208fff3d-3f5d-4cb2-9027-605ec56a8b1c,Behind Pro,Books,103.22
320a1a9c-9d48-4861-85e3-7a8483871225,Tough Ultra,Toys,318.01
8ff202f2-692a-49cb-92a9-9970d1207d25,Number Max,Electronics,329.82
93a18e2e-c8e5-4831-b8fd-895ba46ed061,Also Ultra,Beauty,220.31
eec6bf7c-a992-4a4b-8f47-b7e8f5db7d79,Name Plus,Toys,118.83
7d63cb28-5063-4b5c-ba42-8122550266e7,Society Max,Beauty,174.27
f2fd179d-2a64-43ac-9048-128bf56feca4,Ability Pro,Sports,363.43
2e4c93a6-bcde-4cea-96db-e77b5dd376d5,Produce Pro,Home & Kitchen,264.76
27b5905d-8fe4-485a-993c-a31790e29afd,Action Plus,Sports,489.51
7ce8c960-ecc3-4e47-99cb-e8454577786d,Somebody Pro,Sports,277.1
a099a26c-229b-4f81-b3a2-c13a516771fa,Assume Plus,Sports,90.7
2ba464cb-fa8e-486a-b746-5a7a316ba9c7,Drive Ultra,Toys,451.75
49b51c65-4026-4a48-a04e-ba027ae85ec5,Cold Plus,Toys,315.57
00928d22-3311-4895-9bdc-ae383421b41f,Hundred Pro,Home & Kitchen,347.09
715e5718-53e6-4e27-8900-3348087752ac,Pretty Ultra,Toys,5.17
4b4e6525-0b18-48ea-b31c-7b7125aa3a7c,Whose Pro,Sports,460.36
64f41b50-c9f4-4e5b-a2de-a1f493fa1c94,Show Ultra,Clothing,351.02
296ed842-989b-4d6b-b14b-83c3c980410e,Suffer Max,Clothing,105.49
a423ac04-cb40-4cab-8245-40cf0885dc5a,Its Plus,Electronics,328.62
63a8db0b-ba23-4099-9777-30a58bb09fd6,Walk Ultra,Beauty,106.48
7ec84d2f-7373-4c24-a499-d38d0e89a205,Important Plus,Sports,231.25
78fdcbc2-677b-4621-acf9-2e6b3b70e6af,Yet Ultra,Beauty,349.31
208f797d-7a14-4f97-b064-0153142eae28,Six Ultra,Toys,497.15
8d9d1cdb-41e3-435a-b88b-f05bebf950c4,Evidence Plus,Home & Kitchen,239.23
bf48e1d8-a164-4730-b2d1-51fd4c23a738,Black Max,Electronics,175.13
4730d0a5-48f8-46ca-96aa-fdf0feb6a5c4,Other Plus,Home & Kitchen,170.68
b0113dda-5a51-486c-9e82-51659433a562,Go Ultra,Home & Kitchen,323.71
6dfdff69-9c20-4dff-86e0-d2467107506e,Focus Max,Electronics,131.8
2be6194c-58c7-489c-8407-d8a81c4ad26a,General Ultra,Electronics,178.79
5c22858d-67e5-439b-aef4-3e86e6cad5e6,Cultural Plus,Beauty,351.43
e78c8284-203c-4375-b0a4-2237944d4c79,Cause Plus,Beauty,295.69
53c91ba7-1407-4c6c-b389-5f1a36261bc7,Short Plus,Home & Kitchen,178.59
f3b21729-f088-4e91-a70b-f322c9a47449,Police Max,Electronics,487.23
3678cdac-b0b9-4ba1-b372-1a84807f056f,Federal Plus,Toys,159.34
671ef6f2-3c4a-4182-99e7-9f67904da51c,Wrong Pro,Toys,27.36
ad17c656-79b6-4e6c-b79d-ea143cacd500,Water Plus,Beauty,144.39
0a519c3d-dfd2-411d-8b3c-88afe75e6464,Painting Max,Toys,415.51
5425bab3-f69b-48e1-a8df-a474afc2edef,Play Max,Toys,8.35
58eb627d-b166-4aa5-9d31-c3b7bb852e48,Give Pro,Toys,354.28
57ddd4ef-45cc-47a7-87b4-dc5141fc06c0,Television Ultra,Home & Kitchen,408.88
bbe6cbb2-e16f-4e3b-9d67-4b1d6dab24de,Lot Plus,Books,50.28
dd92a580-0b0a-40ee-be36-caf5236da5bc,Since Ultra,Clothing,371.43
558479bf-bf8f-4063-be8b-04e0c8a6bceb,Share Ultra,Sports,341.48
cf60e98b-81ae-469c-bace-2dd3733bd1f9,Fast Plus,Electronics,170.72
eba15717-7daa-4303-9993-4573e47e1a7d,Until Ultra,Home & Kitchen,413.99
fff98a8a-dde2-41e2-824a-e7298d0d189c,None Pro,Electronics,122.71
be905c41-11d4-435b-a06f-98b047bb089f,Beyond Ultra,Home & Kitchen,499.18
8df8c2d2-4158-4cae-9eb1-f4fb7aa3c6f9,Opportunity Max,Books,484.79
afd2275b-5e2e-47da-9051-3ae1a75f2074,My Pro,Toys,31.93
9f90c080-8272-44cd-a54d-c7e727bcc7fe,Close Pro,Beauty,194.41
f10669f2-f87a-413e-b509-d1914a3f0519,Thank Pro,Sports,343.36
833252b1-76c2-4d51-92b8-2586efcbe533,Significant Max,Beauty,9.63
e1e91c51-6d0c-48a2-bb2d-8c267ca9c7ae,Team Max,Books,101.96
fac93361-98ee-498d-8cc1-35c21e691563,Ahead Plus,Toys,488.72
2846e2b3-a7b0-4f34-869c-0b45d9df123b,Off Ultra,Toys,488.16
0dff8c1b-aef3-4caf-b046-71dd5672c8f4,Leader Ultra,Beauty,83.38
752dbd7d-ecab-482e-b417-519332269755,Network Ultra,Home & Kitchen,281.21
738a9705-f8b9-43a1-9100-60878fc40b36,Realize Plus,Clothing,87.45
f78c1547-c50e-4af8-be2e-1c54c98b3f8d,Environmental Pro,Beauty,115.78
a971a6cc-5acb-4714-a851-a3b345646391,Resource Pro,Electronics,288.07
a2c2e3df-ed45-459e-8c15-fe78cf83cca1,Discussion Pro,Sports,399.76
ffc2b2d0-f192-495a-8c4a-b7b21dabc209,Have Pro,Books,116.35
05afb4a4-b8ef-4222-aeda-bdada94d7b0f,Nor Pro,Books,200.88
6e758707-03a9-438c-b80b-028fdf04fa95,Since Pro,Sports,410.56
226c508e-99f5-4761-9008-85b69063cb43,Leave Plus,Home & Kitchen,62.03
11fd631f-2e17-445a-adf9-ad852c5da305,Dog Pro,Clothing,188.61
4ff17a17-359d-4a1c-ba5a-cf59aea9521c,Claim Plus,Beauty,248.26
72cf5f36-88f7-4466-aa9a-0b63a54332b6,Skill Max,Toys,412.01
467e74d8-1bf7-4af1-9c3a-45e0cb4d0e8c,Fight Max,Clothing,127.15
ea6f1894-e32f-412a-9575-bb141e9410ef,College Plus,Electronics,243.67
4d3789d7-5baf-4d0c-978f-bc91603fd95e,Grow Plus,Home & Kitchen,408.7
94ae9b19-8e95-464e-ac3d-b0166cdc4a13,Employee Max,Electronics,335.08
893e7bf4-0a18-4c5d-8331-8ad7e3a1b58e,Tonight Pro,Home & Kitchen,182.8
ca6b7fe5-35bb-44af-99c9-309e79e60ad2,Learn Max,Home & Kitchen,397.62
ffb467cd-55ec-4649-abec-189b0df2325f,Any Max,Beauty,207.95
73acbb96-e481-4f13-a27c-a456b0e96f64,Appear Pro,Books,57.65
065ae6fa-49c6-4e64-ac4d-5318defdc48d,Concern Plus,Books,61.49
e13c569d-acb4-4ae6-9a79-ceac647c4bde,Range Pro,Books,117.13
585ba303-ff4f-410e-acc1-2de137d36d57,Physical Max,Beauty,56.58
f247ba6d-7703-4bdf-95da-2843b3ff787e,Half Pro,Toys,306.41
9c887595-8047-4fd4-ad33-df65b89b55ee,Write Max,Toys,355.6
cc5dcb9f-1471-4070-a4fe-f43144a40b4a,Board Pro,Clothing,254.89
5bd49989-8968-44a3-b6b5-f4a273854f44,Reason Plus,Electronics,473.09
4ca22e14-5abb-4e6b-8012-dd6aeb88f8f9,Participant Pro,Books,342.74
eb72ec95-e4de-4744-a5c3-40543d67f449,American Plus,Books,414.21
4b3432b2-4f48-4af5-9df0-86a4ebcb0936,Benefit Plus,Toys,442.49
ec9f5cbc-77ce-46bb-a558-fd8101f7eff2,Seven Plus,Home & Kitchen,490.86
07e843ee-a4df-4dcd-9ad0-689d9ec3cd78,Ahead Ultra,Electronics,163.12
bebd7f55-3387-44a5-8f2f-91ac9bdbda31,Pm Ultra,Clothing,112.04
a4b077f2-1912-4fe5-9b9d-fe5bdfc7da02,Make Ultra,Books,441.16
ba3766f5-44d0-4f6a-8fbc-8b1a11abc3c8,Coach Ultra,Sports,422.78
0cc16de8-ed91-44d7-9a70-1ce6693c7fee,Somebody Ultra,Books,142.97
3a4e26df-029c-4083-836b-264b5322fc32,Drop Pro,Home & Kitchen,421.93
23589286-61fd-4900-ab7d-e023a585990f,Popular Plus,Electronics,11.18
587569a7-c740-4121-86f9-09bce98cbf14,Special Max,Home & Kitchen,470.72
37ab1dfe-bdc0-4943-bf0b-27b2c24e15d0,Movement Plus,Toys,172.32
deba7769-9fd1-40ad-ab55-0b550008a3a8,Better Plus,Home & Kitchen,115.64
49ac4321-c746-46de-a656-a8d8706babe7,Government Max,Sports,27.37
6c803659-0973-4ff2-b01d-8ed223cac75d,Pattern Pro,Home & Kitchen,26.36
39b42953-8e97-4a0f-91f6-b1231dcc918c,American Pro,Home & Kitchen,242.44
1c9e7f8a-6260-496a-a5a5-ab2fcd6987f3,Travel Max,Books,75.51
9b1e3c11-a0ea-4a78-a879-9da59fd575c9,Party Max,Books,155.36
47419870-5efc-4e6d-a2df-281b6f7add2d,Question Plus,Electronics,271.34
7c832fad-151d-47bc-989a-b85a3e92390c,Than Pro,Home & Kitchen,275.72
84ede5c9-9adf-493e-adf2-3440d7f5c1dc,Near Max,Toys,177.07
0b5bffc5-3ae5-4f02-8293-755db2f9d914,Teach Pro,Toys,116.07
cce6b497-2013-4b98-9a10-bc771c108da4,Partner Pro,Books,209.11
4798471e-a642-4d44-8e5a-052c77712428,With Plus,Beauty,407.46
3be4a4e7-9479-4bb7-b680-01ab59fc61b8,Why Max,Toys,267.5
9b04f446-434a-498e-84ea-153ae1469591,Cause Max,Books,59.9
73401bab-f063-4d1b-8622-d8e2c87591ed,Foreign Pro,Clothing,150.26
73149c10-30f0-47d0-9eb4-80110aa3a12d,Call Plus,Clothing,56.91
f3cf9cf5-7967-4524-8a2a-28a5cc82350d,Key Max,Clothing,456.51
90cce08e-7910-4844-af66-e5b0cf212847,Who Ultra,Beauty,238.08
8d4bd8b1-32cc-499a-bbc7-eac2177dd7d4,Throw Ultra,Beauty,397.25
47d75992-a6cb-42c2-8d7e-841e9487ca88,College Max,Sports,291.67
5ed33ccf-976f-4bdf-abd3-d323c4a8ca19,Police Ultra,Electronics,484.83
4c1c8b98-0481-49e4-ab9c-866475889c35,Leave Max,Electronics,274.44
6d7ac0e5-1303-468e-b483-0b990cf1f63e,Environment Plus,Home & Kitchen,430.8
69037dc4-b770-413e-87a6-84fe306099dd,Pick Max,Books,494.48
86180cf4-22c5-4186-b3a0-84638668d079,Describe Max,Beauty,366.42
6b386937-78a9-4536-a73e-6e05eabfc47f,Much Ultra,Books,56.47
a9844e2a-85f2-44fe-8712-250bbd2e908a,Stage Plus,Toys,381.82
7c1c2002-2f14-4a9a-9d37-1efe144f2cfc,Leader Pro,Clothing,140.56
0fb9abf2-3f60-4ce2-8558-ad25df0c01ac,True Ultra,Clothing,267.22
d39540f0-37f3-475a-a5c6-94a9d670af3e,Around Pro,Toys,204.26
6a2bf58b-2051-4154-8a99-6945fecbddee,Energy Ultra,Home & Kitchen,239.13
5ad436bd-2e3e-4663-98e5-e8988da0174b,Civil Pro,Beauty,190.26
bade3369-856f-4a5a-9637-5b081f86a180,Final Pro,Clothing,236.31
10a0d13b-af59-4183-bee5-7a0bf7aa3c8d,Ball Plus,Beauty,60.01
2cdf05c8-d8c4-4af8-ae61-accf1e716265,Idea Max,Toys,188.62
e1686054-dcd6-47f1-8f82-05885b15be7f,International Max,Toys,57.19
2d5daee7-fb14-4034-a343-9f091c6a97bc,Nothing Ultra,Home & Kitchen,361.34
9de24aed-40b0-48af-8f5f-786b7a996a20,Growth Max,Clothing,350.5
c007dedc-7b2c-469b-80f4-b2d442a4e0db,Relate Max,Sports,55.65
92e44b26-beab-4d87-a074-949b0cc20764,Station Ultra,Beauty,311.31
1d89ae90-4537-497a-83bd-682ee7d1d5ab,South Ultra,Sports,301.3
535e4dca-2c70-4e04-9c56-e3cea0399bd5,Build Plus,Sports,261.68
1b40c08b-08dc-4e65-8686-5a73e9260f81,Trip Max,Clothing,168.15
434a6bdd-eaf3-4e80-92bb-5ad718b40205,Meeting Ultra,Clothing,388.09
e23a48ad-905d-4a88-9768-25dcb0f706ed,Economy Pro,Books,488.55
a215b42f-4196-435f-a095-f1fb3d46739d,Role Plus,Clothing,194.29
7c720785-9c8d-413d-9267-d2c7d1ee06b0,War Plus,Beauty,70.46
331cc4eb-5385-408b-8aeb-ff966dd99013,Cause Ultra,Sports,485.37
058e7c4c-5bfd-4c71-b36f-337547386dd7,Together Pro,Toys,432.89
719a548a-fe7b-4a62-aed5-e4f91f51f765,Foreign Ultra,Clothing,5.68
f62e96b1-60bc-4b64-ac03-42970eeb692e,Explain Ultra,Books,371.84
cc35a390-ea74-4cd4-9511-0d6e1d26c53b,Place Plus,Clothing,394.04
a0004973-10f7-4ca7-88cb-e74c47ad1d2a,Game Max,Books,113.03
849a03cf-4f85-48aa-b8f0-cc08879b51a0,Scene Max,Beauty,403.84
7b0b8309-b7b3-4ebb-a107-f1dc111a3f8a,Consider Pro,Clothing,44.09
4d8c6338-08f2-4146-a107-a91f27e05ef9,Company Max,Home & Kitchen,62.76
9ff264bf-0b4a-43a2-aa83-ffa7bfa2cf44,Design Ultra,Clothing,39.46
c0610e8f-4a73-4900-a8e9-4c910f08c278,Century Plus,Beauty,62.32
3420c1cd-0616-4591-92ff-b9901715d5b1,Process Pro,Toys,120.38
f8575679-570d-4fb7-9a0f-d023f18240fc,Body Ultra,Electronics,136.99
d7a025af-ebac-4e02-821d-aa80e0a4e20c,Tax Ultra,Electronics,172.69
949ead3c-ba6d-4b33-9ab8-3403bf279fe1,Song Plus,Sports,390.15
05ef6449-e711-4840-83f5-dc7b743001d6,What Max,Toys,396.07
a7a44e39-1fb5-44e2-af7b-b0a65ea960ca,Ball Max,Electronics,53.96
12aad531-7d3a-49d5-8b2a-c37ce7e1e59c,Hospital Plus,Home & Kitchen,34.46
d04c43f9-54f6-45b1-b1bc-80ae4023a551,Meeting Ultra,Books,153.63
e024ded5-b1e2-422f-9398-2583a83d3928,Area Max,Clothing,340.22
9c481df5-8fbb-4a28-9b6d-da3c6246fb1a,Think Pro,Home & Kitchen,264.53
69c7c52e-c3c9-4757-8c81-78f44a6b7c1d,Program Max,Home & Kitchen,256.18
d09fe19c-cd6b-481f-b3eb-fbadea02468c,American Ultra,Beauty,13.69
7aa88a52-2542-41f2-9ca5-013eca9b7683,Me Pro,Books,52.02
0ae48754-d4ec-4d08-be37-b6e05753adbb,Couple Plus,Sports,57.15
6b6b0938-736a-4eb9-9d39-c6a4b20f2b46,What Ultra,Books,258.54
b2c2c2bb-01f2-4898-b514-4f37b01ef287,Alone Max,Home & Kitchen,63.96
a5b9670d-b762-41a5-baf4-f809deb7eac7,Production Max,Home & Kitchen,60.33
5693472b-596e-454b-978f-605b716c4e6e,Business Max,Clothing,269.79
90c62599-1d24-4409-bd2e-eaa14de7f24f,Social Plus,Home & Kitchen,28.96
4b9f6828-12a3-4274-9db5-59bbafc65fc6,Range Max,Clothing,483.32
f3dbd25d-fadf-4484-a21b-3594a1920bcf,Somebody Pro,Beauty,145.12
026ddd0b-d388-475f-9bf2-e89246e277d8,Entire Pro,Clothing,209.49
8979b41e-99e7-4e02-9d79-cb9b66268534,Ago Plus,Home & Kitchen,68.84
56f192c1-29a4-49b6-b303-d03177415820,Travel Plus,Books,219.38
4676f490-5a69-4dbb-8658-732d3b21fcec,Senior Max,Electronics,139.17
31f39bae-2083-4e13-8010-b4fbfea013f3,Blue Pro,Beauty,493.85
a6f75799-d56d-4f67-905a-d1f3158f647e,Gas Ultra,Toys,348.77
385c8dab-7b38-4d42-8c64-7bc5fd24aef2,Wait Plus,Sports,219.57
a43dfd01-58e2-4a44-ab96-63cb83ccae7a,Partner Pro,Beauty,195.35
cb237b73-76e0-4834-bec6-2dac801f22ce,Weight Pro,Beauty,145.33
8fe817cd-c5ca-4b25-97a6-92ae257593d2,Decision Pro,Home & Kitchen,472.01
a6167141-1e5b-4b6e-9b23-085e79c31bbf,Look Ultra,Sports,138.92
6ab46f74-beb9-41a9-8b50-d53fdfa80fa3,Tend Ultra,Electronics,149.73
08c5c20b-f3ef-45e2-9d1d-1a089abfe7d5,Book Plus,Toys,379.13
19cd6290-ddb1-4b6b-8477-767bb90d1263,Mind Max,Books,271.03
61c673a4-499a-4866-9041-56f0f7ba000b,Discover Pro,Books,369.04
7fbe7b29-e3fa-41c6-8adb-3e328a0e0621,Wrong Plus,Electronics,46.71
2cdad6db-6236-4c8d-baaa-51f54f04d219,Cost Pro,Clothing,469.43
8f7e0eb3-3afa-4913-9dd0-8665459434c8,North Plus,Electronics,244.56
27db70cd-810f-4f2d-ac4b-971474f549c1,Box Pro,Clothing,327.52
ee322389-8770-442b-b4de-94bc6b727a63,Relationship Ultra,Electronics,304.11
0d94de2f-dd21-4805-ba00-97798a2954ce,Heart Plus,Sports,105.31
da298a89-fef9-4bb4-843d-f0eaebc355e2,Table Max,Toys,299.64
113f8da7-1bee-4dca-ae6a-92df43a2f2b7,Idea Ultra,Sports,319.66
d660ad70-bdb6-489f-b635-5c6740b3d5cf,Task Max,Toys,387.05
d6209794-3383-4a78-9196-b68130f8381c,Federal Plus,Toys,314.11
fe6c9243-020c-49dc-a159-c2c949f1e0b5,Laugh Ultra,Electronics,349.98
b43b55eb-b2ed-4555-829e-aaa79ceeb957,Investment Plus,Sports,134.66
a774bb53-c820-4f6f-9917-74439cfbb917,We Max,Beauty,81.17
0c9a7d6a-4186-42c5-98b1-4dc29bd012e7,House Max,Books,88.03
1c9b1806-9498-46dd-8883-c5b89e495dbd,Life Pro,Electronics,119.26
4eab46b9-6652-4cfd-9206-6b4258284edd,Information Plus,Electronics,386.3
33f72962-90ee-4bdc-b7f7-4075729b507a,Foot Ultra,Electronics,121.86
7a9829b8-9a7c-436f-b5d3-97e2f429a09e,Administration Plus,Home & Kitchen,61.13
f103c679-9857-4efa-9966-d83a95562e1b,Hear Max,Toys,136.91
d4248c3e-953b-437f-a676-52e99fac21e0,Media Plus,Beauty,255.35
c0747186-f0b9-472f-b7e9-b8c3d3a95157,Knowledge Pro,Books,63.29
d9af8dbf-77ed-489d-8f49-843f0b62157e,Door Max,Home & Kitchen,172.96
a9847ac1-7afe-4764-93fb-9def0c59b254,Assume Ultra,Clothing,71.86
13836547-ac38-4624-a9bc-8c2d602d54b8,Raise Max,Toys,458.1
15c87a4b-0a0c-4176-8a06-718c8c25bc98,Popular Pro,Clothing,90.6
b2ab11c6-f46e-4654-a15d-5bfb43bce759,Play Pro,Toys,309.67
e01a5897-bbc8-49e1-beb1-5bd79e373baf,Or Pro,Clothing,438.77
a5ef16f5-8365-48c7-8127-7034e6b56615,Apply Pro,Electronics,498.53
c45475a8-f423-4290-8205-52a299182f3e,Want Pro,Electronics,441.66
7914d86a-0e77-44f8-bcca-a1932ab15382,Late Plus,Toys,166.42
b4afbd61-5333-4584-a746-6e12e3db6f9a,Myself Max,Toys,267.94
bcd11958-f28a-4598-baa0-ea3057d9a6bb,If Pro,Electronics,371.1
9590554d-39cf-4afa-a51f-164b00b83584,Minute Ultra,Beauty,214.15
0d425f2c-f5bd-4abf-8bb6-bed6b85354e2,Mention Max,Toys,99.4
5814db83-d7eb-429e-a0cf-abe801c3cc74,Join Pro,Clothing,299.85
1921c93a-c293-4068-a5f2-b073c2f7694b,Majority Max,Books,284.43
4a210643-4356-4544-9819-5cd8c701d9e2,Yourself Plus,Electronics,435.7
66438700-7e30-41a0-92b3-e641a6243e06,Difference Plus,Toys,10.41
03d6b7f2-54dc-42ee-9a84-0c935d2dcb7b,Save Ultra,Books,59.3
ab398a09-9cd0-4033-9095-fa2575a1c8e7,Type Max,Home & Kitchen,196.65
40c76f28-b843-465b-9a24-cd01f96111c0,Member Ultra,Beauty,497.27
1bae4df7-59a1-4705-864b-1b444bdfe88b,Great Ultra,Books,372.85
a8a7255a-1949-4ce2-9748-1c05dc22a6fd,Necessary Max,Toys,360.59
b6b9b031-dc97-46da-a0e5-e9a7f3d66856,Production Ultra,Home & Kitchen,59.59
0a1e8ac5-b442-4792-899a-bc38b7466f49,Decision Max,Sports,130.97
fe78778f-bcbd-4908-b1ee-58a4a8815ba8,Fine Plus,Clothing,48.18
205447c5-cd5a-4e18-b9cd-9082139dc1f5,Thing Plus,Electronics,162.86
1371e769-f52c-4323-9d45-cd61a570b6a6,Simply Max,Electronics,74.49
3cdc4dec-1a41-4323-93df-78b38182d1ad,Data Pro,Electronics,414.39
2c0cb22d-dc42-43be-b5d4-b1d478cd3636,Seem Plus,Home & Kitchen,346.61
de876123-b107-432e-a898-db932b0140b0,Mr Pro,Sports,79.62
f7cc06ec-e866-415b-9f4c-d0b6a415dad1,Five Plus,Toys,96.04
8f8e5809-9748-4008-b429-2cc181c9e330,Thousand Ultra,Clothing,335.11
e165317d-f245-4e1b-a214-7f296604dbe9,Act Pro,Toys,152.6
21f16108-bf85-4e19-944b-45edee2590db,As Pro,Books,400.7
6aee6d8a-957c-4440-b5f1-925f7725cac7,Hard Plus,Toys,305.46
dfff822d-2384-4ff1-bc8b-728efcc78b1c,Century Plus,Clothing,485.43
b434483d-97e1-49c4-8f02-0f044f834def,Nature Pro,Books,83.33
5c67d9cd-7793-4222-addd-64dec79bcda1,Peace Max,Electronics,168.53
5cd43972-7e0b-4b99-82db-9d2dece4588c,Claim Ultra,Electronics,452.63
3ab4bc26-c714-40ff-9cb9-df2d6b1aaeb1,Series Ultra,Books,27.84
051b9ae0-83f8-4484-bc02-97c55a372da7,Site Max,Clothing,288.92
130b9fe6-214d-47bd-bddc-1bc7ee83b6bd,Fight Plus,Beauty,171.57
3590cca8-25f6-4204-9bcd-0390396a5037,Tree Pro,Home & Kitchen,254.83
60f859d4-faaa-4281-bbf6-ef366afc2a90,Under Plus,Toys,344.12
6aa52b24-c890-426c-aa2d-4916470ea97d,Song Ultra,Electronics,369.05
39eb1cec-9615-40db-808f-8c4ab2f31589,Once Max,Clothing,309.61
f13cfa38-5ba2-42f1-96bb-ce6da6b5c336,Medical Max,Beauty,14.98
4116c6b4-71f0-4fb8-be29-b8ec34b7ac08,Sea Max,Beauty,102.65
8f2f68d6-5ed0-4e2b-8dfe-eb89380b3f00,Local Max,Clothing,292.81
fd6556f4-1ed7-4212-a86d-be5d18c7ede4,Away Ultra,Clothing,114.8
737141d6-8164-40a3-8b7f-f94bbd22a8f6,Relate Max,Clothing,425.27
325a8ff0-95eb-48d0-85a1-ce9b17075f15,Against Pro,Home & Kitchen,66.16
2861f16c-e006-489d-8411-8e0ff5fcc652,Maybe Plus,Beauty,360.62
5ed6dbf1-84e8-41b3-958d-44fced88505b,Loss Plus,Electronics,90.88
917f0cc5-fd31-42ab-9363-c34565614b86,Strong Pro,Books,11.97
5732261d-9600-445f-881d-4331768337b7,Learn Plus,Beauty,361.43
07e25eaf-d816-4bad-8be5-8e2fccbdde96,Message Max,Beauty,446.81
94ee39c4-c425-46f7-8cb9-33a9d184b1d4,Remember Max,Beauty,110.18
3c518791-f7b1-40d2-90a9-ba87055312ae,War Max,Electronics,357.14
8e4e9158-4cb2-473c-8f9c-56bc6e46b64b,Morning Max,Clothing,298.69
894a75f0-f67c-4bcc-aa0e-ad53f033df4a,Store Plus,Books,130.18
b15f1b64-97fa-4f39-8c60-48c5dd3e4d44,Big Ultra,Toys,315.26
3be0d519-6956-4a48-8d61-305ed39d5db2,Despite Pro,Clothing,358.36
dec1dcb7-6f12-4b25-af4d-bebf682ac6a7,Simply Max,Home & Kitchen,399.23
2e08f884-5261-45ce-9431-2720e27bef72,Some Plus,Beauty,74.18
05f99376-e434-4c2d-a172-43eb8c49189f,Address Max,Beauty,335.91
f810c44d-ffe1-4882-be17-9cd9a113cc36,Fly Pro,Beauty,19.89
06d78764-a925-4f54-8979-71abbf782c77,Position Pro,Home & Kitchen,339.55
aa67e689-3c2d-4bb3-b22a-0fe22e500c7f,Board Max,Beauty,88.01
e94ba257-4f99-47e5-aaf0-82c9dd676ce5,Hard Ultra,Books,165.32
59ef4d9f-d9cb-4f35-b274-d2a160932fe2,Manage Ultra,Sports,444.2
82b00704-6298-4d9e-b673-eb278c56a665,Professional Ultra,Books,425.93
b984d86d-d020-431a-86eb-38f0ee915bd5,Talk Plus,Books,166.12
1eee6d62-b6c3-4513-92a5-bf852102f857,Although Pro,Sports,165.83
6ecb310e-2f49-47c8-885a-eae55f42cec9,Option Plus,Beauty,103.71
aa0a2134-64ee-415e-bced-17fc5557523a,Long Ultra,Toys,34.91
a958747f-5e74-4440-9e07-16e89817d2ad,Near Max,Toys,173.1
9340857c-d427-486a-91d6-19d9d34e64a4,Thus Ultra,Clothing,464.58
800654a3-3f0f-4776-b716-ba20afe27aac,Value Max,Electronics,355.14
5863a904-f988-4d6e-8bab-90c000051eba,Consumer Max,Clothing,302.91
0062aa75-ab9b-4839-b660-7477200cc03f,Point Plus,Sports,308.65
998631c3-ff46-46b0-88ac-cf66a26f3dae,Rate Plus,Beauty,429.28
fa223e31-c3e1-489b-988f-8b690a189d14,Affect Plus,Home & Kitchen,306.9
9ea7bd75-7027-40ba-b195-178fb74a0e7e,Camera Max,Electronics,51.79
463840c5-8312-404e-aba4-d354731d4405,Rock Max,Books,417.33
e1d0f4ec-1c25-41a2-ad2b-c7e40780e885,Put Max,Toys,315.3
e6d06927-7eed-436d-bfe6-79f91daf50fc,Bad Pro,Books,447.0
86d4d083-9395-4169-84c9-55de02e3594b,Forget Plus,Books,314.18
20a314e9-e751-403b-b305-6f6bb12fd11e,Participant Max,Sports,242.0
6929f53f-329b-4a34-8826-4ffd2eb4d6a7,Such Plus,Sports,426.59
3c4aed96-0a33-410a-96c2-1727467c0485,Whether Pro,Clothing,133.3
c83ad694-d3e5-42f4-9d29-df4fd61ccf85,Card Pro,Books,302.39
cdcbe504-663c-49a0-8a0c-0a8c888d9196,To Pro,Home & Kitchen,479.93
306abe50-c3f1-4ffc-90d1-63aad21e5a63,Wall Plus,Electronics,229.06
28d00dac-bf81-4149-afff-65b9965ead0f,Bed Pro,Home & Kitchen,413.26
26ee2324-a9de-4659-96be-55578d180355,Not Ultra,Toys,218.2
039ee998-a7ab-460b-bbbb-70567e59cd31,Much Max,Toys,104.18
5c0f56bc-cb91-4416-8769-336a2e55c763,Exist Plus,Books,139.46
94b91f16-6f2e-4726-949b-b1ac70286a51,Week Ultra,Home & Kitchen,377.19
94a2fad5-ce9a-427c-8efd-7f5970072073,Drive Ultra,Sports,497.28
064f1538-be13-4d02-8a11-0737cc0a20c1,Group Max,Sports,38.54
71e2da5f-6eff-44ec-ba76-4b27ebb4a8ac,Each Ultra,Toys,332.57
2ea76d5d-a24d-40f5-ac7f-bb7897d0c0eb,Small Pro,Toys,189.75
5bc3c41a-c4a0-4db3-aec4-117287f2e4ac,But Ultra,Books,409.14
b69abba5-5051-4b92-bd86-393182b0bac0,Apply Ultra,Home & Kitchen,450.67
46849980-9223-45a5-8c94-1ce4860f8d73,Term Pro,Sports,163.82
4af2298a-c521-4359-8d69-4e465882693f,Blood Ultra,Toys,339.52
44710708-bc5b-4529-b4a3-acfe27174dd2,Later Plus,Electronics,461.73
73ce4646-b525-4ea1-a346-3a256b052d00,Imagine Ultra,Clothing,469.31
7219172b-1eca-4742-8bf8-12d1861508a8,Go Plus,Clothing,338.36
261c86b3-aabd-45be-91cc-578439448928,Trip Max,Sports,491.35
1bd54987-c34a-4070-b75a-6d32fcae7a64,Item Ultra,Electronics,260.54
ac245557-245a-4066-8db3-46da9b4d7174,Open Max,Sports,401.44
dafe82bc-7115-481c-a9f1-a8f2977c55f5,Drive Max,Clothing,222.37
52fb5722-9411-4d82-a9c1-4c6e0b8f34d0,Level Pro,Clothing,447.04
e276e2ef-9ddc-48e4-8877-9593d8303250,Type Pro,Home & Kitchen,381.42
c2181e6f-3dea-4257-9d60-a3fe83268042,Million Ultra,Books,27.62
11171c38-a6e2-4ddc-8ddc-988792f33e40,Focus Plus,Books,489.18
e1c05dd6-4a20-4bdc-8729-4a07a56d4133,Than Max,Home & Kitchen,309.54
ef8e12d2-a962-4566-a64a-7e428c8dee9d,Newspaper Max,Clothing,14.13
b7e47322-3acc-4fbd-9786-89a3bd5454f4,Peace Ultra,Sports,335.32
59e67a41-81d8-4b11-ad16-cca0f45a8565,Expect Plus,Clothing,442.73
882e2667-beef-4404-9337-c6ff0e62fbbe,Magazine Pro,Toys,7.37
b6060f59-2b3d-4d85-925e-c121d2e45510,Rich Max,Clothing,213.48
8712fd06-16c2-4281-bd54-11d8c770ee9e,Buy Plus,Books,328.42
39f0f45c-4aa3-4b99-922d-9df57e97199a,Stay Max,Electronics,408.52
fe3070e7-a98d-497b-905b-38f884279285,Itself Ultra,Books,79.78
85d21e64-0571-40cb-8366-a06c6a8b44fa,Assume Max,Books,273.58
e25fab7d-a50f-4cd6-a0ac-2f2c80d34806,Technology Max,Books,115.23
b564fa41-5aed-4e7f-a393-c8597fd81597,Wind Pro,Clothing,458.49
a0b99c14-c705-49c1-8038-1b50d86fd861,There Pro,Books,276.53
61bcf3b0-f53f-42cc-a171-e4d40e095694,Test Plus,Toys,56.25
01e78e45-f010-435a-b776-3fae6d3dcc56,Chair Pro,Sports,410.68
60c8269b-c868-4dde-b98c-5f6a8990633c,Policy Pro,Home & Kitchen,41.46
6831d3e7-4eba-4f14-b328-4d4477c975b3,Why Max,Home & Kitchen,197.23
ce5eb168-d067-4c40-bb6a-08eecabe5675,He Pro,Home & Kitchen,324.19
266bf793-0968-41c2-a208-1ae7b52fe750,Color Max,Toys,407.03
0cd0d74f-a8c8-4876-aaf2-3645024d0fdf,Office Plus,Electronics,429.15
980114a5-c594-47bd-afbf-e0e0d96736cd,No Pro,Books,189.27
8018c7a8-5ef2-4312-9ab8-f1deec262934,Hair Plus,Books,180.28
5975f012-ade9-4005-a103-c27885303f5e,Ability Max,Books,456.45
a2df8479-6b71-49ea-ba22-da6e4b26f2c9,Could Ultra,Toys,262.57
3680f898-f417-497e-a780-399738f8b17f,Newspaper Plus,Clothing,331.16
dfa73396-c4f4-4ea7-8f7e-5f0c039ef304,Majority Max,Home & Kitchen,194.08
934385ef-f069-4acc-9e0e-b3e3f0cde524,Yard Plus,Books,8.16
1e7baf5e-8a78-4b7a-a897-0f7bb5631939,Nature Plus,Home & Kitchen,465.38
26aa6d5d-4234-41a4-8957-5b9423f052e3,Purpose Ultra,Toys,209.89
c3572084-10ef-46d9-9a3a-8a9c67bacc05,Between Pro,Clothing,401.24
d2232845-cfa8-42b1-8f2b-2218bc1a4594,Personal Plus,Home & Kitchen,389.43
4935d76e-5bfb-41b1-b00e-43181620cc3a,Special Ultra,Home & Kitchen,126.44
e00fa7f8-1592-4750-83f0-37ffb17b24d5,Window Ultra,Clothing,462.63
20ed8c72-e213-4df2-981a-5b20ddcba568,Soldier Plus,Toys,200.52
79317705-98cc-4487-b828-0d848e5275da,Cell Pro,Toys,188.47
3c338b27-be04-4933-b541-7d17b8b57466,Society Ultra,Home & Kitchen,262.19
1969c456-33cb-47d6-9f6d-cc538ac9262a,Day Pro,Sports,131.94
7e179758-7d7b-4386-ada0-13c3478f37c6,Among Ultra,Clothing,318.89
2eaab5b7-3c7e-4715-b092-1ba0eca9afe8,Speech Pro,Sports,286.36
521cb311-0648-4132-b931-220aa9b1e91b,Not Max,Clothing,358.4
f67db831-e210-430f-abf3-b1734f237210,Argue Ultra,Beauty,162.94
d2761504-8f0c-4341-a423-2eecdcc3cfe9,Gas Max,Beauty,45.78
ae3452b1-a644-4d80-9808-6e05fe5947fb,Return Pro,Books,95.41
bd67ae5b-ca76-4ff0-9a49-d1b2e8b8075b,Beautiful Max,Beauty,318.66
cd1681d7-cac9-46d2-b9dc-b6d2023b09cc,Be Pro,Books,494.02
a39557e9-09c7-4c23-973d-ccf0796f75ca,Movie Pro,Home & Kitchen,86.92
93e76c42-6ccc-493c-98b0-274a73bcc8f1,Stage Plus,Books,114.79
9f550ed7-a43e-4361-a47a-6a613f2f40b6,Look Plus,Clothing,67.04
481a71aa-ac61-49f5-b864-d8128631e7be,Change Pro,Electronics,64.19
10a48070-9f0d-4f21-84bf-5b4f4a60aa4c,To Max,Electronics,230.42
0782aaa9-d9f3-42d0-b744-ae0829bcb7bb,Rule Ultra,Toys,58.83
ddc800b5-e6da-46ef-9fcf-3dba607f0ed1,Start Plus,Sports,6.44
e111e286-f3de-47f5-9d50-d2b162d41ee3,Ready Max,Toys,253.83
ef2f05af-6d22-4ce2-a496-ddcac8ddc97c,Toward Plus,Beauty,104.34
1fcf36b9-9cb9-4053-b992-0e7bd07e6831,Now Ultra,Clothing,375.31
fc89b835-caa8-42bc-b177-c04cea21f8d9,Occur Pro,Clothing,183.93
25f4e579-07fc-474b-a0b7-70fa89edee7b,Scene Max,Home & Kitchen,81.63
60c3034f-e84f-438c-8cdd-0977ee656f89,Ahead Max,Clothing,439.22
e50f2f93-f9fd-4820-9906-2610bd06daed,Case Ultra,Home & Kitchen,11.21
a35cdd2c-1bc5-4540-8efd-7a0d0eeda380,Than Ultra,Clothing,324.67
b193f7d6-7cfe-4030-8f80-327cb646094d,Relate Plus,Home & Kitchen,344.18
730beb8b-796d-4d34-a8ad-d2f268f43fd4,Understand Max,Books,275.1
76630ee4-c9a8-45a9-a90c-50831e1fec7f,Yeah Plus,Home & Kitchen,230.65
86abccfc-e435-4fe8-8c0d-3e9436b7d409,Alone Pro,Clothing,486.19
a1cd6f2c-c6aa-44ca-8f57-ac12dd66fd17,Role Ultra,Sports,308.69
8605e185-cd74-45a6-a843-4129601f847f,Process Ultra,Toys,189.93
301f8b07-e9a7-4302-a5a1-e395de6366f4,Player Pro,Toys,142.32
791bfd43-b020-469d-88b6-97f5a043c15b,The Plus,Sports,304.76
706189d1-f23b-4a37-811a-2c14e4a9e47e,Thing Plus,Clothing,333.35
5f06d3ac-a93c-48ce-a03a-d8a09514691a,Mouth Pro,Toys,192.12
c3ba0f6f-2171-4809-9bd0-39fba82f6ad6,Ground Max,Toys,195.44
25c71b09-da7b-4c47-9b0a-39039b93b31c,Crime Ultra,Clothing,74.77
cc669b0e-ec9c-42a4-b1cd-ad4fdea59277,Society Pro,Beauty,254.78
5bca1e87-e127-4c2a-9ff1-a043ca40fcf6,Huge Pro,Books,125.85
8aea1a9b-8431-4170-aa9f-6461b12faab4,Two Max,Clothing,367.77
1d267485-803d-45b7-882c-600a5cde3f6d,Church Ultra,Toys,14.46
ae746652-d338-468d-ab1a-18a03ee012ce,Box Max,Home & Kitchen,42.62
524fe7b5-aca8-4a90-bf3a-0dd789c249ce,Once Max,Electronics,158.02
20f42cc4-2f38-4156-a66b-36d6e6f4dc40,Walk Ultra,Home & Kitchen,235.71
23d353c3-3bca-4539-ba12-0e897a2cbbee,Suddenly Pro,Sports,365.73
675cc433-3cdf-4f0b-a479-a0ae7e7c1bc1,Mention Ultra,Sports,189.84
a571e5c9-9c6a-44f3-a8ec-bc7b9ec1cbc0,Still Ultra,Home & Kitchen,191.83
cdca3e22-3a5b-483b-99f4-cb42f2f15f57,City Ultra,Home & Kitchen,126.74
f569b23d-92bc-43f8-acb7-8f2e3efe3913,Eat Ultra,Toys,344.29
d4ca6fa0-47fc-45ce-b64f-06a14f259987,Instead Ultra,Electronics,493.86
d65d124f-b0f2-4dc9-9deb-d28fd5c1e260,Old Max,Beauty,400.47
8081d01e-21ff-4dff-a18b-9ac96c6d621a,Service Plus,Clothing,281.8
6e5258da-68a7-4e72-90f7-12882bf8cade,Happy Pro,Toys,12.12
6c5594e3-e481-4e2b-83a4-fcdcb0110480,Voice Plus,Electronics,66.7
48301648-ee98-4995-87ea-bdab3d15f997,Character Pro,Sports,117.35
e3d6cc38-abef-4ae1-b464-109125d0066a,Toward Plus,Clothing,96.56
f19af30b-20c1-471c-9e72-a50f73cfb86a,Eye Ultra,Toys,77.26
5ef594fb-c333-4267-9fcb-9599c6416f89,Thought Max,Electronics,84.06
925c7976-3562-4c26-a6d4-07f3dc312881,Star Ultra,Home & Kitchen,123.88
de0096ac-6c81-4b4a-9109-f7c641e9cee1,Become Plus,Clothing,11.34
98a90eb7-b60c-43cd-9e24-055c39ba80b7,New Ultra,Toys,495.03
16249708-a092-420c-b10b-a5b016e5a3fa,Bag Pro,Electronics,345.61
241b7879-5bd7-439c-9009-a8c422239509,Yet Plus,Toys,219.73
927b24b6-a7ee-45ca-b7d6-abbe7af950e2,Entire Max,Sports,412.91
96b2a61e-a734-490f-9b56-477a9422dd23,Contain Plus,Electronics,381.84
df1c48df-5975-43c0-b537-9e2342e39751,Mission Max,Electronics,165.02
0ede3369-177d-4950-9bcf-f2792fed55d9,Tax Pro,Home & Kitchen,428.68
fda0aa67-1845-4b7e-b3de-ff61bc8f407b,Tree Pro,Electronics,364.33
2a657d82-f1fc-44cc-8a25-15fe85439777,Win Max,Books,90.76
14243d92-f628-49e4-b5f7-e422220529dd,Political Max,Electronics,302.64
6d5025df-ec17-482e-b2fa-da108cde8476,Way Max,Books,278.42
bcbc1cc9-17ac-47de-8e50-a9448cff2694,Edge Pro,Books,173.09
e03b8f17-e407-482a-878c-e11096d48ca1,College Pro,Sports,212.69
1b896080-ded6-4522-ab87-25587ba5fc66,Serious Pro,Home & Kitchen,245.28
043ba4f7-e94f-41e8-96df-406b5babe61d,Data Pro,Home & Kitchen,228.26
38c4a658-4535-43bd-8ef4-838cdc827757,Budget Plus,Toys,145.23
7f9a38a9-7b13-43f8-bc00-c1eda6fa6b53,Edge Ultra,Electronics,484.55
e2488b13-3efd-46ef-9a55-2de834bc61a1,Article Max,Home & Kitchen,207.23
eca405da-2803-4c17-afc8-f0ddc908a965,Responsibility Pro,Books,283.22
c1254f1e-8693-494a-b844-62540bfbe2bd,Conference Ultra,Beauty,308.86
c5efbed2-59eb-4f91-9b97-4fe79c9ba604,Often Plus,Toys,201.67
e07ac4e9-7fa8-4aac-9425-6f2271d5e952,Specific Max,Electronics,370.53
ecd4a5ec-e59b-4545-bf19-61211e0de419,Send Pro,Home & Kitchen,217.88
d83ede82-5445-4999-b39a-2d6671c8c68d,Care Plus,Beauty,435.07
3ffd8ba0-de18-4381-ab3e-f7159318f63d,Hand Max,Books,327.32
3a3b6a6c-e714-46f4-94fc-83f0cdada6f2,Such Ultra,Books,404.93
f72f2081-78f8-46b2-94d7-76ead0482a6d,Level Pro,Beauty,264.97
2b169cd4-cb68-4234-b083-f444872bc8eb,Authority Max,Electronics,387.54
73509419-3051-46c7-a57f-876d47831266,Early Ultra,Home & Kitchen,100.62
02d2d0dc-44db-47db-b49b-4678d0b42dab,Cold Pro,Books,481.85
05cca907-41f2-44f0-bd20-ce20d8027041,Explain Pro,Beauty,315.85
f4354428-436f-49ed-aa68-977749592268,House Max,Electronics,282.03
03087801-53e9-4eb2-b899-f905ffd9ed27,Media Plus,Toys,367.91
98bc0495-f073-4435-a421-a63dca6edc28,Film Plus,Beauty,134.74
8d4e6af5-9854-4cde-8167-db4e72db0ddd,Keep Max,Clothing,17.69
b74b393b-3cb1-4038-a436-cb208848fb04,Alone Ultra,Clothing,351.14
cfad779c-303d-4c9f-ab44-78a2d48b0055,Minute Max,Clothing,322.88
d5b04d12-69fd-4151-a635-c2b475b9b7f0,Finish Plus,Toys,253.52
d98ef7ce-9bee-4a78-85d6-8d02a0b880f9,Company Pro,Toys,211.43
9fb8dd26-f56f-4e1d-b6f8-3e65b0856df9,Economy Plus,Electronics,311.22
ccf570ba-ebf6-4022-ad96-16c6d38cdee3,Also Plus,Toys,441.27
b3612f95-ab93-4369-b9f9-87cf8345a30b,Trouble Pro,Beauty,204.72
ad5640c8-9788-499b-ac25-ccc46921ba6b,Same Max,Books,202.94
bcc80d6f-0b3b-449e-a036-236d181c8727,Share Plus,Toys,222.9
57c8ffc3-f081-403f-92cf-93cd66b12183,Two Max,Electronics,97.34
99c4e0bb-c14e-4444-92d1-f38673bf74e7,Worry Plus,Home & Kitchen,285.93
dc1cccd1-7115-4213-b3e7-bf27fe199b51,Radio Plus,Beauty,152.51
4ba65a8a-f143-4a88-bad7-21d17589c468,News Pro,Beauty,327.7
6f802772-1b6c-49e3-aaea-1076911c1f67,Discuss Max,Clothing,10.0
e28e8bcc-7bd6-474a-b315-5c15852792c3,Live Ultra,Electronics,248.14
07a6bebf-974f-48e4-8eaf-492805a789d0,Little Plus,Clothing,64.91
7d23c41d-d3de-4012-bfa6-118113cba54e,Special Max,Toys,162.57
e2660c5e-5183-43c1-b317-18f83299518a,Test Max,Books,261.36
81e37025-4a11-4303-a9a4-596e2927dd8c,A Plus,Books,360.7
c7f4ac26-8dbd-4142-9fab-4d8042b6fb5b,Whatever Ultra,Sports,19.22
539eba14-9d04-4495-9c76-12ddf655b90b,New Plus,Home & Kitchen,115.32
10636c9d-0e8c-416c-8114-aacb5ad6534a,From Plus,Sports,238.54
3c85a016-d5a6-4fed-9a1e-4b0c68a4175c,Culture Max,Home & Kitchen,147.14
8bd08b98-8e3e-4c1c-8ab2-3ffb378a306e,Spring Max,Sports,363.54
bc6bc16a-6c34-4fd0-acb1-31b7c13c645a,Conference Pro,Clothing,436.73
75806efb-3ef8-45b0-a0f4-6980e0a2a040,Data Pro,Electronics,417.41
8e7f46cf-63c6-4ba4-80b3-5651625762fd,Blood Plus,Home & Kitchen,207.07
e6b61309-c0b7-4a5e-b1a4-08d311bc1765,Tree Max,Clothing,62.29
ed763349-fc0b-46ff-addf-41de75f13e65,Apply Pro,Home & Kitchen,472.78
4ae05c54-665b-495d-a242-3aee8eadde0d,Throw Plus,Home & Kitchen,188.2
661e4865-b0f5-46db-afb5-16945dbc1ee0,Professional Max,Beauty,307.13
4bd4c71c-ba61-4608-a724-1baa280091f7,Art Plus,Clothing,379.78
96965175-b13e-48d8-b656-5d33817ed933,In Plus,Electronics,343.24
35d0e6e9-b6fa-4631-8141-6c889cde545d,Could Max,Clothing,262.85
881e107c-e49a-462e-a9cd-ee38580c57de,Property Max,Clothing,352.08
2a807a1d-1a14-4871-aaa5-19eebd9a9d44,Force Ultra,Toys,27.23
cf1c3390-ea62-46c3-9ce9-52ad07070a7d,Chance Ultra,Toys,123.25
45d745f2-9ea4-420f-94bc-77f41ea88852,Sometimes Max,Books,380.86
d60d8955-7191-4e37-be9c-ceecd96670cd,Significant Max,Electronics,250.63
c9bdd005-5495-4807-b086-bcd68645a948,Music Ultra,Beauty,261.72
929ae1c7-1df7-4b6c-9d1f-d6e8761b12f4,Cause Max,Sports,61.66
88203927-b087-4116-8503-2d531ea973eb,Appear Plus,Sports,400.99
9a358b78-a0d2-4fe3-8907-801d218b9176,Quality Ultra,Clothing,8.46
fd84e80c-c88a-492e-afed-483fa834a4c7,Coach Plus,Books,292.89
3517c43b-fb2f-41e4-bc17-274417e2cc76,Owner Ultra,Toys,267.46
622ac342-88a3-4256-8d6a-07d228a2ab13,Bill Max,Toys,343.14
4b921546-4bf7-4f8c-ae49-74e036a5c625,Necessary Pro,Books,179.94
8288e742-a27e-40ca-9feb-0adfaf2bf2e3,Western Plus,Home & Kitchen,337.83
43d20449-1e5e-4678-8438-eece2333589d,Enjoy Pro,Sports,417.87
90f9a371-55c9-4536-93c9-72a27a0f505a,Short Max,Books,215.82
608956d2-b53f-4092-b76d-662213bf8a0d,Method Pro,Home & Kitchen,395.93
85e93bd4-09d8-4ef1-8695-5370776fb104,Similar Pro,Home & Kitchen,392.78
1abd360f-3b81-430c-9b92-38288dec9f4e,Leg Max,Clothing,125.73
08399f1b-3f5b-47c2-9e7d-ee6ed5d10a10,Professor Plus,Sports,455.79
b2736ee7-2dc0-4d57-998a-9d431fd2fc65,Model Ultra,Books,34.66
00529ae3-646b-4085-b770-eda3580721b3,Room Pro,Electronics,309.01
c58a22b1-cdcc-415a-a28d-b755bbee4e8b,In Pro,Beauty,426.43
814f9ece-f6ea-44bc-828a-3b9a635f662f,It Plus,Toys,354.9
921fbbab-1641-4933-96c1-7420ac4ee950,Reason Plus,Beauty,303.45
f021d00e-2126-499b-815e-3929322e7c72,True Max,Toys,495.05
96668959-f108-4541-84be-7de35bd39bd2,Arm Pro,Home & Kitchen,280.43
159187d4-c715-4a26-ac63-67e7f11dbd95,System Max,Home & Kitchen,452.34
5c383e19-dab8-4d7e-8e30-c9bc7f70d764,Local Max,Clothing,422.57
9949c321-325a-4f3c-a611-f4bc6eb98d6b,Leader Max,Clothing,324.71
8f36dda3-8b0f-4310-bd43-cff3c2333610,Oil Ultra,Books,197.49
740ec1d6-c459-42ee-ae86-5e14cdde1ec5,Yard Pro,Clothing,12.39
fa3028ba-3c4c-453f-834f-2edfac4dafa4,Clear Ultra,Books,47.86
bedf5e3f-9762-4a0b-92f3-b504bf48251f,Head Pro,Toys,53.56
3079a5df-6137-40a2-aac2-f6feecaffb99,Involve Plus,Toys,419.19
5c5caa5c-6bab-4786-be1c-98b3db917164,Top Max,Toys,14.51
f319c24b-57c9-4bd5-8ab5-2437fdf943be,Scientist Pro,Sports,78.41
f78fa244-2425-4ccb-bcf2-2c1beff0d080,Popular Plus,Books,23.27
a2074c49-6f81-4669-bb7d-d6a09c692def,Value Ultra,Beauty,25.79
e5e7a262-ded6-4d40-bd48-3959ee883a46,About Plus,Clothing,91.04
680db0f0-f64e-49a0-b99f-117abeb64a5c,Despite Pro,Toys,264.66
846aa780-65d5-4e49-981b-fc83d7f9f66d,Though Pro,Electronics,41.23
afafe12d-6219-4c06-b36b-c5851517e826,Natural Max,Electronics,124.23
6550fc2d-3664-4063-b82e-8c5d5e222098,Build Plus,Clothing,466.52
1b2787a7-82b9-41e0-bcd7-277e9bca8918,White Ultra,Sports,196.62
2513e2aa-4039-468f-8378-eb82531eb2f6,Parent Pro,Electronics,430.53
71c1279e-7147-4ffc-a233-443022a74f14,Mouth Max,Electronics,230.19
3ae945b7-2f59-42cf-ad46-c1716360b60a,Establish Plus,Home & Kitchen,439.06
4103e3e6-fff5-40fb-ace5-19eefa42de5a,Song Plus,Clothing,442.89
d592323f-113e-4413-8781-e479f17769eb,Across Pro,Beauty,96.12
58d76c9f-5f61-49bf-a767-70ac5ba0205e,Small Plus,Electronics,427.43
8a870635-c046-4205-91eb-673fb2753d19,Best Plus,Books,240.24
0f091e4e-122b-4272-afad-1e3df6250ca2,Near Plus,Home & Kitchen,83.54
cc27c377-1270-48c6-a7bd-ac8b5697fa01,Past Ultra,Toys,114.59
83bbfba9-7246-41f8-b580-2261ec15ac59,Agree Plus,Sports,184.76
d2444596-a125-4487-babd-a0907d0e928a,Yard Plus,Beauty,192.08
c599a55a-1b75-42f6-90af-1f9ca31170c8,Write Pro,Books,142.43
e8111fd2-ae81-47e7-ba94-a1fab79469fc,Fish Plus,Toys,136.49
839b83c1-cf4d-486d-b08d-70a3863e0446,Way Plus,Beauty,407.57
c7fa2399-75a8-49e0-ae38-349ccce371c4,Tax Plus,Sports,318.67
20d3713d-05d6-4cff-846d-56ced75786ce,Tend Max,Beauty,149.64
a71f8a80-ecab-4191-a471-222421975bab,Organization Pro,Beauty,438.07
876ce490-9931-4fd0-9388-5ab620d9757c,Yard Pro,Beauty,432.06
9a31da7b-913e-40c9-888e-4a61cfda82ce,Discuss Ultra,Books,481.72
db2a6fe5-4685-4e63-8e84-d8556495cffd,Public Plus,Sports,194.37
9341900f-84d2-476e-b1c8-150973523562,Foreign Pro,Sports,36.01
972107e2-aec0-45fe-9126-ac5c74205e1d,Hear Max,Beauty,491.04
75f5f2bb-df70-4ada-bc4f-5dbd1e958c5c,Else Ultra,Toys,102.24
f9afc3b2-f68d-44d0-9bea-ba47d46f10e8,Practice Ultra,Toys,307.76
258f4ab5-6659-42e2-9a52-3285929322fb,Myself Plus,Sports,209.69
37209c8f-30a5-4350-9575-59f0434e9f2c,Shake Ultra,Toys,309.66
a0a24efa-72c4-45c6-a435-c7c9362399d6,Test Pro,Books,246.23
a2b4ae99-d681-460e-84e2-6e889cc70f4c,Cause Ultra,Clothing,232.58
551de044-5b2d-4f3d-9ad0-3434144e55ef,Under Pro,Beauty,439.25
78c7c20a-98f7-4d86-9f0e-40a63a6c5235,With Max,Beauty,365.05
92665722-9e8c-4523-9b49-6081c546b859,Family Plus,Home & Kitchen,235.55
7e6ea0b4-dd84-449d-87b8-50176c345504,Store Plus,Beauty,207.48
41daabc9-9cf7-4dae-bc81-28271321db53,Chance Ultra,Electronics,485.62
62867b44-17b2-4f82-94ab-ef4f265ba314,Floor Plus,Clothing,286.6
a4ab0e67-6c44-40e1-8243-edc62f2c3c96,Than Plus,Toys,430.01
d6b86f53-362d-40fc-9d76-dfd1d8357a55,Behind Plus,Beauty,405.74
c92e5016-0763-4bb6-a27f-3569ff01fb0f,Compare Max,Home & Kitchen,53.15
9a288c27-8cfe-433b-965a-9cb0d30d8648,Poor Max,Beauty,330.56
7c261682-ed59-4edb-8ad6-8feccf27a895,Miss Plus,Clothing,299.34
6ff146ce-f13d-4912-8b0e-a1b5efe31563,Late Pro,Electronics,425.72
6b73f0f9-3892-40e7-a95e-6c7009c62cc6,Win Pro,Clothing,334.95
9f05893a-405b-45ff-9a02-19d74ea94122,While Max,Toys,326.67
104eb54c-f08d-4ccc-8d02-33f7f2d924f1,Serious Pro,Electronics,293.83
67e50cf5-4f6e-4d59-9093-4ee65a263884,Itself Plus,Sports,103.61
25ea513f-4025-4e48-9719-2236025888a6,Whether Plus,Electronics,9.87
343e19bc-0026-4c09-bd84-ee2d762969e4,Similar Plus,Sports,456.95
d7cc3691-5c47-4618-a0ab-15257cc3a271,Politics Ultra,Beauty,223.87
14d518ce-28db-449a-a578-537a1cc66b8b,Fund Pro,Electronics,339.75
370c8360-1172-4bc2-b61c-e4dbd0ab4d5d,Catch Pro,Beauty,248.13
585d5602-441d-4d59-baa9-06783bb763f3,Environmental Max,Books,239.9
2c0d205b-1b79-4eb7-b634-0e71e41181ef,Scene Ultra,Sports,114.2
f6fead68-714a-4ff1-b190-0d2fc8b5247d,Article Pro,Clothing,341.27
2612ae0f-06b1-44f4-b3d7-77a243932c48,Church Pro,Electronics,87.38
05601040-eccc-4a39-87be-3963c16c4b66,Scene Max,Sports,25.42
a9580edd-abd5-49e5-9602-0113125e20a9,Both Max,Toys,464.66
7d1ad100-ea17-475f-8674-839ff92e01fc,Middle Pro,Beauty,253.44
31806643-2b58-4ab1-a4f2-86e5490b6283,Wide Plus,Clothing,187.18
229bb5c9-c88d-4acb-9aef-426d8c797190,Different Pro,Beauty,413.49
4182869f-ac88-4422-a9a1-fd80e940fea9,Suggest Plus,Toys,208.24
efde2dc4-e1c2-4fb2-b825-f757e9aad06c,Bring Max,Home & Kitchen,337.14
c7172ba2-4ef4-4fc4-9def-d17530c87e9d,Visit Pro,Books,125.53
17bea032-62a9-438e-8ed4-36c3481da973,Cold Plus,Sports,271.18
26339ab2-f826-479a-a89c-99878210e9c5,Present Pro,Clothing,63.7
10a278d5-ff8d-4b9e-82a6-0cfff1e3be03,History Plus,Clothing,85.82
bbf216f1-e55d-4a8b-aa21-c67d5672b223,Save Max,Toys,73.34
2fd347d8-ecfc-4020-b6cc-baf5e8103fb3,Care Pro,Beauty,311.88
f685a815-b3a4-4e84-a1a2-fe7f5290868b,Race Max,Sports,138.29
bc0e5dc3-8b7c-4574-aca8-3a8822b02e1b,Bit Plus,Sports,254.08
3f89bc92-73ab-4fba-a7ac-01ae3d8d146a,Approach Ultra,Electronics,139.64
243d7306-ff5f-46cf-8f10-cea3bfe86c2b,Friend Plus,Clothing,83.68
0414fb48-2cde-409d-90f2-e6ced0c6c172,Leg Ultra,Home & Kitchen,304.6
29169be7-3825-4cea-aa1f-ad383326422b,Night Pro,Electronics,75.8
a3f2f172-e902-49a2-b26a-c51e8a978c2a,Well Plus,Sports,247.92
5a28fd66-7eec-4c31-b86b-5a11a68e9aff,What Ultra,Electronics,250.68
bbcdf359-5fe5-4b8c-bbc4-ea345aca9ae8,Push Max,Toys,438.3
2b28fcfb-c7b6-4724-b1ba-2bb9bd39dc25,Baby Pro,Electronics,144.11
6557515b-1d62-4dc1-b2aa-b08624dd8f33,Mr Pro,Sports,299.31
623a3092-13f2-4b3f-ba14-69f988f1ee1a,Town Max,Home & Kitchen,245.91
d322d54e-e2bd-4ee4-bc92-01657054f6fe,Not Ultra,Beauty,15.87
5659de13-7086-4afd-93f7-a104fc0712e3,Build Max,Books,289.02
fe40af94-2484-4b02-81a5-fd938303ed52,Under Ultra,Sports,184.03
408ecbed-b86c-47ba-8e88-60f8363be0da,The Plus,Clothing,11.74
ad88083f-2136-44aa-8d92-0b5b19d7e199,Animal Ultra,Home & Kitchen,227.27
5332aaba-f00a-45a5-be16-2f81f38f4a51,Someone Ultra,Clothing,189.68
6335e4eb-05ad-4229-9b67-6f62ffa0452b,Second Pro,Home & Kitchen,320.44
cb495728-ceb0-46a0-8805-16cd662ca015,Red Plus,Home & Kitchen,270.93
a3813522-12f0-4684-b779-396e3e495492,Various Plus,Sports,441.24
db18a69f-d90e-40f9-8433-135d0e886de6,Should Max,Sports,336.07
d12d68e0-6240-4d92-9ded-22bd2ce7b644,Father Plus,Home & Kitchen,56.75
860f17b6-66d8-48e7-867b-6d66cef2683a,I Plus,Clothing,236.03
a38f2dcd-4a67-42ec-9fff-109b2413f5ac,Audience Max,Electronics,218.57
3d0c9fea-b6fb-4a08-b5fe-219c4d05a056,Information Pro,Home & Kitchen,397.11
917cde00-e35f-4c0d-a946-4333b2a3b835,Ten Max,Beauty,314.47
f6e32c1b-3922-468e-9c37-78c36acf01b8,Laugh Plus,Sports,223.57
a9a447d6-8d50-4cb0-b744-6e014dacb9de,Significant Ultra,Toys,84.31
d3565f38-127d-4c68-943d-a19a8d5ebbd3,Table Plus,Books,349.3
5582320a-16a8-436e-93fc-9135cf887337,Rate Pro,Home & Kitchen,103.97
bd079ae5-39f1-4f45-bb2c-a57a9f260987,Friend Plus,Beauty,102.21
5853766d-7317-4455-8fbf-ccbca0958b63,Hand Ultra,Home & Kitchen,194.1
6fbcf41a-4430-4797-8ce1-be87c6f798d3,Us Max,Electronics,99.54
d81c22d0-d9e6-414e-96e2-3279899ac0df,Draw Pro,Toys,333.74
3800c7b2-6f1e-47d1-94a9-4b4fb8dbecc6,Attorney Max,Electronics,19.64
85de0121-bb54-425b-82d6-827615cfbbab,Different Ultra,Home & Kitchen,168.29
e3d1f360-b672-4eba-b4f9-7bb35821a4cb,Across Ultra,Toys,186.16
28d17f13-772e-4b25-b19e-a2def1dca557,Feel Plus,Sports,170.83
ea9727c2-3d7a-4452-a160-53b3385a7551,Knowledge Ultra,Home & Kitchen,259.56
015bb85c-a4e4-4181-bfda-e3c3469f296f,Method Plus,Clothing,281.47
df2ef4e5-41c9-4fe6-8d66-7a4544f488a6,Land Pro,Electronics,246.77
2a117912-054f-4880-9c99-38dc51795c1b,Sort Plus,Sports,472.51
ff10ff8f-ca5f-46c2-8d74-944061dc92b7,Economy Max,Toys,302.83
8585cf58-18b4-4033-842f-77f56f04da58,Pressure Pro,Electronics,260.63
90f779a3-c3ae-4d51-a302-b95294eef105,Force Max,Sports,328.44
b67a4669-4ae9-49b0-b30a-5792a648c1c4,Throughout Ultra,Sports,431.96
5e2156a6-992d-49cc-88fe-97c66691aa14,Worker Max,Books,483.68
96cee36a-b8ee-4fbe-b174-2d7da696352d,Her Plus,Sports,68.51
6efb2274-54cb-4711-97d3-d707cc9132cb,Tree Pro,Sports,273.9
67fa84bc-007a-437f-ac0d-229b9521955f,Happy Plus,Home & Kitchen,62.1
15528e32-60a4-4014-9218-71b3dd0a9735,Movement Pro,Home & Kitchen,374.12
44dbe3fe-0b50-4a4a-a4c7-ac65c536ed45,Loss Ultra,Sports,368.28
01b5ce10-c6e4-4c87-9af3-8239864344c8,Put Ultra,Beauty,17.92
a893931c-8c7b-41f1-89d3-bbd2933d3c17,Offer Ultra,Home & Kitchen,318.31
eb8cd5d9-2e98-4d94-b537-cee9df1029f9,Available Ultra,Toys,190.09
531c4d77-445a-44e9-8c9d-73d112cc4631,Right Max,Books,417.2
9ca1fe00-fa19-42dc-97c4-1e6fd72e4617,Little Ultra,Clothing,75.88
29ef52a0-4168-4818-88fe-d9e68c4d8286,Purpose Ultra,Clothing,62.29
4459f402-acf5-4fbe-bc0e-c6a6e507c5ed,Scientist Plus,Toys,123.59
5c08d590-6506-4b6d-9485-3c65fb25e6a1,Why Pro,Toys,272.14
172ecb19-815c-4586-ae68-402685b7d121,Father Pro,Toys,152.35
d7006bb9-1c91-4de1-b938-147b0ba80a85,Light Max,Home & Kitchen,119.33
c645ea0c-341d-4df2-ab49-2e163fa6b569,Ever Pro,Toys,285.79
89fe96b9-d80b-4de4-9d75-7885e76da9cb,Against Ultra,Clothing,245.09
7e669462-bd84-46e9-b37e-82af13386824,They Ultra,Home & Kitchen,18.99
90d1052a-9a71-42e3-a4c2-eea9c32968de,Plant Pro,Beauty,315.4
7b22bde7-cc99-41e3-8fcd-b2732504a735,Activity Ultra,Toys,85.65
7816ce7f-31f9-4203-8d8a-efe17f0b51b8,See Ultra,Home & Kitchen,215.44
4d1c2d86-c90e-4eb7-a304-905e54d6c31e,Popular Plus,Books,123.03
beed3bc3-54fd-4cb4-939d-223ec8b3e021,Author Pro,Electronics,489.72
a11b777b-7ddc-43f0-b127-5f00eea05d89,Subject Plus,Books,387.26
b3306691-c63a-4037-8869-588ca1bc8481,Decide Max,Clothing,40.19
5adcd708-836a-448a-9180-4bf029116ad5,Seven Pro,Toys,261.09
3a2a8925-392f-4f50-af5e-956763609d10,Prevent Plus,Beauty,300.53
0bf49fbe-a4cf-49f7-a44a-4ba0f154daea,Available Pro,Toys,114.47
54e9af3e-e995-4642-b833-8cc1b9de91f6,Line Ultra,Sports,183.96
cdec01ed-fe93-48fd-bdfd-14f5ecc290e9,Billion Pro,Home & Kitchen,422.78
f9a91167-5632-4bd8-9e81-93bee7f0ee0e,Theory Max,Electronics,106.81
99db8084-6487-446e-a620-9c7b5f1b9e84,Opportunity Plus,Books,250.97
6c404c21-2308-45e4-9ccf-519273ad7078,Maybe Ultra,Clothing,222.93
9849d47a-f312-439c-ab81-2e6d2e870781,Shoulder Plus,Books,447.7
f376b8f9-cd6b-4233-808d-084bedf38f4c,Pull Max,Sports,158.2
e4c3003a-e4d1-4c50-955b-a4434337b841,Space Max,Beauty,321.83
4af8b552-fc64-4d7c-9821-1671de322a11,Which Plus,Clothing,408.6
933e7267-15bc-4253-8a82-33d105bcb897,Sit Ultra,Electronics,465.36
03bc8681-e974-4fe6-a483-6b13c950927b,Ask Plus,Toys,235.85
3ed5d138-0f8e-4cbc-8ed8-cc292aa72c93,Whole Max,Home & Kitchen,283.84
e7f70dca-c690-4b9f-9978-57a20ab72a44,Benefit Ultra,Electronics,443.18
03e8de51-92d5-4426-8b38-357efe3a469a,Against Plus,Toys,169.5
1f5d5bb9-dd95-46b1-a77a-adbef658c45e,Simple Ultra,Clothing,130.18
2b3596a3-97c9-4eb8-8cc9-ac74463751ac,Someone Pro,Electronics,66.82
8287a1c3-3327-4ff5-ab40-d085728a3b2a,My Max,Clothing,342.71
8fad65f5-d177-4cc7-9fa4-6d8719b1b9db,Property Plus,Books,343.7
0e1370eb-720c-4139-8992-dfe5e8059d31,Throughout Plus,Clothing,342.87
8645a940-2c30-44e9-92f0-97316638d54a,Why Max,Sports,330.11
910b3e92-d15f-4e41-bd66-de98a8c67637,It Pro,Beauty,336.63
c4ae5f2a-747c-41b6-afd7-7bd5b036a640,Need Max,Toys,415.03
ce61b6b6-004a-4199-a29f-8927ea3a3ddb,Benefit Ultra,Clothing,369.16
6c947ccc-f55b-47d2-8c94-63aad417d271,Good Pro,Clothing,468.21
644e3334-6e8b-4381-ac6e-46a981336b9f,Call Plus,Books,445.61
ae39622a-4e29-4c03-a52c-af9be175ff13,Glass Plus,Books,478.99
bfba9f9e-e54b-4745-bcb3-2f2564af1b4a,Personal Plus,Electronics,103.26
951c3376-8d0a-473e-8f8c-8c66b95c8e48,Matter Ultra,Sports,10.99
a6bf30bc-1da4-49e4-9878-9acd2430cf07,Father Max,Clothing,253.98
1d24d143-2631-4f52-ad5b-731c29c71f5b,Fire Max,Toys,50.85
d7752c4e-1370-47c2-ba05-75194ab2b99b,Huge Ultra,Sports,69.34
dc9be398-fee2-468d-9e9f-5d3b31a8c792,President Pro,Clothing,272.43
7bd3e6eb-b33a-42d5-ba30-269b0db3ebf0,Structure Plus,Beauty,368.06
3263a55d-fe60-44d0-b6c2-c553a939833a,Pull Plus,Electronics,227.13
3ce4f953-05cc-401c-b0a7-6c648fe760c5,Let Max,Toys,251.06
cd2162ef-4303-4c5b-bb22-ad7b7c9bb87e,Police Plus,Toys,126.53
9b172dca-5095-41ff-902c-1661f7c911eb,Here Plus,Books,235.75
eb43626d-528b-40e5-8a00-f3d264e646b0,Which Pro,Home & Kitchen,277.49
1a3f933b-9e80-409b-90ba-2bc63fb24db3,Performance Pro,Sports,367.89
6b5caf65-7ad2-4d2f-ac99-5b40c56a799e,Increase Ultra,Electronics,144.67
d8918cc7-592e-43e3-931c-5057fc997266,Too Ultra,Beauty,336.29
898e3dcd-6650-4d07-a731-d7a939577d8e,By Pro,Books,164.6
4ab636f3-b840-4f72-aad2-528ad3e12db2,Environment Pro,Electronics,438.11
46835f26-cdd3-4670-8524-22b9d0a95d7b,Drive Max,Toys,270.06
e7524252-d4b6-439e-a52e-69ce4c5f234a,Without Max,Clothing,110.22
3ed07d97-d468-4132-a6a0-4f8bdb46a723,Church Ultra,Toys,473.8
1f4280d8-027e-4a83-a88f-bebf8b4c440c,Least Plus,Toys,271.89
30943db3-7b74-45ba-a849-ec9f0ca431e4,Act Pro,Beauty,15.59
e20773b7-1524-4e59-8718-481c845a3608,True Plus,Books,156.42
7517ea95-b3a1-4949-a32f-ebd27cec9e00,North Max,Home & Kitchen,371.99
93c2dcf9-3211-421c-a095-a1ec26868d0d,Admit Plus,Books,139.81
240792d4-3ee4-4fe8-91ac-6065aaf13e90,Often Plus,Sports,492.71
06d43b71-2a3f-4889-8a97-46a812755da0,Show Ultra,Home & Kitchen,85.2
b8ad7da5-bf1a-4484-beec-6822058cd914,Teacher Pro,Beauty,460.68
93ee2611-4e91-4e0d-b9a0-1c7c47952c62,Marriage Max,Beauty,89.59
29a5a487-d78f-4091-b416-d68d1ee7c3e1,Site Max,Home & Kitchen,35.39
13367510-c9fa-4ee2-bad5-aaceaae8b30e,Room Max,Home & Kitchen,420.15
49e1eaca-d087-4591-88a7-b11e1a19ed25,Night Ultra,Beauty,168.91
9928b237-f697-4abd-80e5-1ad572ceab01,This Ultra,Electronics,468.48
0ac6ace1-13bc-4ad0-a49a-91425e04f8f9,Bad Max,Beauty,173.0
90cd81f2-1fb5-46e0-b30a-342ed5b87503,Imagine Ultra,Clothing,300.25
cd84fa35-3d50-4def-9519-186f928a7306,Next Max,Clothing,8.91
5267395f-89e9-4f04-8629-6bf3ff7b53d4,State Ultra,Beauty,187.07
2c848575-ec33-478d-8355-c21d0ec3e4f0,Fire Ultra,Home & Kitchen,298.65
eef39f52-8e4e-4243-92ac-1b888d71cce3,Suddenly Plus,Electronics,286.49
f87f8d1d-63af-4f36-827d-0895ead92981,Its Pro,Toys,453.52
140cefd6-d3d3-491c-926e-84e7f80d092c,Though Pro,Home & Kitchen,108.74
bedf3ba8-2332-485b-a4d3-427b7c917efa,Call Max,Home & Kitchen,252.04
9a601bfc-5cc5-40fb-b4bb-c3e265873971,Movement Plus,Books,238.74
8b787c9a-62d2-4ea9-b135-45b6c5447e3a,Support Plus,Electronics,163.77
0a614930-e04b-4c93-9a3c-2c38cf79d0bf,Word Pro,Home & Kitchen,209.41
e2862ea6-aa34-4385-904d-51138635f4fe,Relationship Plus,Sports,35.01
318ee3fc-5e7b-48ea-858c-850bf2242d57,Risk Pro,Toys,360.25
b209e92d-abe6-412e-a8e2-9913b73b2ff0,Property Plus,Electronics,474.11
4a0c4c85-794a-4ceb-8737-124bb40930ab,Red Plus,Books,465.52
dc231c81-8203-4315-9042-f9586329a0e9,Entire Max,Home & Kitchen,347.11
f1580ed0-91e2-4cef-a4fa-2cbd01fea358,Knowledge Max,Home & Kitchen,392.28
3e114958-9499-4c14-ba3b-fba01bc2d1cc,Rise Plus,Beauty,305.0
5277dd12-4b25-47d7-a7e5-242a473605f2,Hospital Ultra,Beauty,416.94
a454e2bf-22a1-49bd-a861-470b1392d4e1,Big Max,Books,433.82
5446e22a-31d7-428e-ac55-187d0a5e96a9,Onto Plus,Sports,199.39
daf819e6-9e43-445c-a3f6-328c830254f1,Early Pro,Toys,299.87
5ebbea01-f716-4ab7-afc5-c7ef0ddf0ce7,Sport Plus,Sports,63.87
dbbe924c-262e-450b-b73d-ba16eacca7d5,Which Ultra,Clothing,293.24
dcf7a662-3a33-4e64-8f08-ef1616c99c75,Statement Max,Toys,188.88
a2ab51ff-1978-4303-a8f0-01c199d84676,Produce Ultra,Home & Kitchen,466.32
372f977e-47c4-469b-a790-3acc2c9a2280,Trade Ultra,Sports,42.91
64dcc17c-d893-4ed7-a74d-b0987c9dc856,Need Max,Beauty,9.1
249541af-a51e-47d5-b1cf-5576c8f766b7,Serve Pro,Electronics,331.92
ed7420a3-2e62-4cec-853b-eae1448cfced,Civil Max,Clothing,43.77
b7670e43-a4b8-4c03-9672-e0d5e6efc35d,Hospital Ultra,Beauty,182.5
ba67022b-c0ae-4c7f-9879-0a8d58eae110,Market Pro,Electronics,365.9
c33460c4-7397-4375-a55d-586dd58b32ef,Peace Pro,Books,282.73
9fd44a2e-4ec5-40bc-982a-a01fb194c15e,Animal Plus,Books,412.78
658fee05-695e-4490-bfe3-79139f4b0f3e,Rate Pro,Books,377.08
dd461f84-bea6-45c5-b170-ee0f3db81b7e,Degree Plus,Clothing,204.45
a37384e7-c91f-40be-8c71-1a9c3e0e7b7d,Join Ultra,Beauty,473.42
db079682-8ccb-47d7-9e9a-0c50eda7bfa8,Close Plus,Sports,293.96
969106a4-ce58-44e7-9bb9-58294a124860,Born Ultra,Electronics,179.52
05eafdc9-b97c-4a92-82c8-9e2014cc7a57,Civil Plus,Sports,359.19
45ca2de3-8a72-4d90-ba3b-8e19c388faf1,Kind Pro,Books,65.79
2dbae986-8d8a-4a2b-95a6-a4ec5745f47f,Bill Plus,Beauty,229.7
c58f23a7-64a8-46ce-899f-cec9bf9c91df,Claim Ultra,Home & Kitchen,46.08
87071d88-8945-4865-9fa1-522cdf9b2e5a,Rest Ultra,Electronics,206.02
2224d1fe-a06f-41a2-9bf9-d66260ab162c,Can Max,Electronics,108.31
38422ba3-bc0b-4f43-a866-26d5cac8f7ad,Culture Pro,Beauty,185.34
e21a1183-a19f-478d-bb07-2eadc0d7a0c6,Affect Plus,Books,123.78
5d362ab3-b403-476f-a1ad-4c8a9d83015e,Student Pro,Sports,435.18
6b6a25b2-1260-4db1-994f-4c8493e60981,Yes Pro,Toys,229.29
fbc86c5e-3770-4394-9cf2-d8d945fd9e07,Parent Plus,Home & Kitchen,302.39
eaa4e04e-77e0-4e90-ab98-5491f9393290,Reduce Ultra,Beauty,44.04
941d1c9c-fd6d-4982-a200-16ee322ded60,There Max,Sports,24.29
52f208ef-01ca-4805-b56f-727007f39c8d,Remember Ultra,Sports,355.98
9ab03699-c1d1-447d-a993-66376a71a96c,Threat Plus,Toys,281.81
ea249c54-d90f-40cb-b8db-bea31b042b63,Make Ultra,Beauty,405.67
3dc3a039-05f8-453d-8b12-012aa2d70c4e,Way Pro,Home & Kitchen,305.24
5866d3d7-fec6-4964-955a-6a5548b96309,Behavior Max,Sports,192.57
4b998abe-0ce3-4a5f-9737-cc1ce37a5c19,Miss Plus,Beauty,381.16
95623a22-bf2d-42f9-b1dd-ca9449acf324,Never Max,Electronics,11.18
1c8e9818-82b2-4cdd-ac9a-986b4635001e,Give Max,Beauty,326.63
25e51924-cafe-4bff-8fa2-3b77a9abc4db,Visit Max,Beauty,396.62
924c2215-3c5a-4871-9c54-d1f9e517d5e1,After Pro,Toys,488.86
3bf78943-1c58-43fd-a05b-66eebf660959,Lot Pro,Beauty,121.06
2ae674e5-2cbd-4617-9788-27b19de45c9f,Recognize Ultra,Beauty,53.51
654feaf5-f64e-4d2a-8fca-20144f218880,Majority Plus,Home & Kitchen,385.81
fc6b0fae-3863-479a-8a82-f63aa7d58100,Ground Ultra,Sports,160.54
91a41508-64bb-4b8a-8d47-bdb195cda784,Wonder Max,Clothing,144.33
f1f3a78a-3c21-4fba-b327-a93607eee192,Practice Ultra,Sports,387.6
1f5f2072-4d70-4485-b6f3-679d7ee0c506,Natural Ultra,Sports,487.17
492cc269-acf1-4885-912a-6247a74a8468,Four Plus,Books,244.71
febbeb31-e178-4845-a507-aafe4955ec0e,Benefit Max,Toys,112.61
9857f84a-06b9-4c41-83b5-02ec28e38172,Trade Max,Beauty,276.39
45d9e834-9485-4c96-9cc4-316c1842e8bc,Across Plus,Home & Kitchen,32.38
d504f343-0a1e-4255-a27b-4155b3b8f10e,After Ultra,Home & Kitchen,407.35
dd51322f-dca4-431b-9390-545c31b14675,Television Max,Clothing,36.35
1921d69b-fe1c-43b3-89ed-84f1eeb213a0,Follow Max,Sports,191.07
6191eea1-2664-49c9-a430-23b236f4f835,Perform Max,Toys,376.53
421db06e-d4e4-4dae-9241-e2596f1ffc49,Report Max,Toys,195.39
1dc2aa5e-162e-4e87-a24e-a01352f4d5bf,Coach Plus,Toys,96.29
8346a335-0781-4186-adfc-e7dd2941e904,Never Ultra,Clothing,318.86
7eb0b43e-7878-4b1f-bd3f-f3dc88dc10ee,Often Ultra,Home & Kitchen,183.24
58db5f06-1157-424d-b9dc-47fbe0535380,Instead Pro,Electronics,131.44
4aa33110-102d-4d21-a685-6535a7ae679c,Until Max,Clothing,66.38
b2c9ff39-ffe4-4d61-8d09-42064b864210,Subject Plus,Books,215.1
b2fece18-1590-44f0-9360-ee2c8e66c2da,Blue Max,Home & Kitchen,431.74
48a8dbf7-1a3a-4c0b-9d2c-047f0a8e9cf4,Age Max,Beauty,125.48
e413f2e7-43b9-4820-8e18-3cb90dde8616,Often Pro,Toys,54.42
bd30c959-f6ee-4d4f-9c67-ffd74c18f206,Fish Ultra,Sports,252.43
d8b2f624-789e-40a3-9e50-d781b9fd0cd5,Television Max,Toys,386.49
0abfcbbe-4f7a-4fa4-a537-accda5803f4b,They Pro,Clothing,150.39
bcfd3a96-1d10-493c-b8d8-ebb877898aa5,See Ultra,Sports,152.89
e3ddc041-2168-4bf6-9878-df78b599ec4b,Remember Plus,Books,331.37
f3dbd324-c741-408b-aebf-069c50fd1386,Finally Plus,Beauty,289.76
6d2a2eda-f54e-43f7-9ac6-07c393c352cd,Support Max,Books,409.47
f11224d6-1520-47aa-85aa-06dea0750bf0,Realize Max,Electronics,155.72
75296d0b-f8eb-4516-bbb6-4ccbef6a6a32,Down Ultra,Clothing,268.18
0c00ef92-94a6-4003-b049-c6388e18deb8,Within Max,Home & Kitchen,357.82
0ae407b5-4ead-47fe-a0b7-7051583307ac,Matter Ultra,Toys,72.28
9dedebca-c412-43e2-95ed-20579a38852b,Daughter Pro,Electronics,325.07
0a87c21d-13b4-49af-8e72-9cf4406ab197,Admit Max,Beauty,496.61
95b8eb28-ebaf-4ad2-ab36-08f8a6bfb2cf,Nation Ultra,Electronics,215.9
1fa56560-616f-4e0f-9e25-98e04a81a09a,Study Pro,Sports,307.12
b78cd927-5556-4243-9688-867c8384090a,Some Ultra,Toys,78.66
f0ab1ead-c5a8-4001-aa34-6f3c4b57ceae,Organization Ultra,Toys,464.87
c4800df3-1e97-4f43-8976-d307f0357d44,Building Max,Sports,398.12
99c4626f-8689-4aa9-af5a-2e46dc531ed6,Carry Max,Clothing,271.24
d4c094fb-2263-46b5-9f5b-729f5775bbea,Attorney Plus,Beauty,90.3
14fca12b-43fc-4778-8240-80b76b76c734,Over Max,Clothing,382.3
0c75c51c-7aa9-4b2c-bd7d-d65e9b3af56e,Standard Pro,Home & Kitchen,174.0
a74357e8-ac76-45f1-910a-cde39d02641f,Indeed Plus,Toys,417.85
8a6d086e-ebd8-465f-abc9-0509e8100ba0,Want Max,Beauty,254.34
38a5d312-742a-4757-9c46-6e1d2bc4c313,Apply Plus,Clothing,263.15
9f78a7c1-fc1e-497a-845f-c264702b00e5,Station Pro,Electronics,78.98
5e9e3310-cdc6-48e8-aa80-44e8f23d4549,Simply Plus,Sports,337.81
dd4684e9-828e-4f1e-b1ab-f7cf96175063,Gas Ultra,Electronics,147.84
d72547a8-d19b-4327-9dee-85eb71d298f8,Financial Plus,Clothing,487.37
9eba196a-23d1-48f6-86f6-8e19c04d6927,Present Max,Clothing,359.52
4e75bda0-deda-4569-a2ef-fbb342d41555,Pull Ultra,Electronics,495.44
a38ad4c2-b175-4a47-aa5c-cff0eab3f3bf,Order Pro,Books,70.57
a67fdf94-b24a-4bfe-93a5-f501b788a41a,Quickly Ultra,Beauty,296.14
13bc80f6-db70-4589-83e8-a87134c2931c,Check Ultra,Home & Kitchen,493.72
58c19081-027d-4ab4-935b-0b144eb5697e,Business Max,Clothing,188.08
f5857c18-08df-4c68-bef4-e79d2fda0156,Let Pro,Clothing,71.46
e67fffbd-6518-4587-980a-4db5c5ebb95e,Walk Plus,Clothing,256.38
6442cd1d-57da-4195-80a7-5e9056709213,Society Pro,Electronics,369.86
1b49fc3a-3dfb-44aa-a8a9-37901e126666,Take Max,Toys,443.15
fffa8a1b-aa5d-4218-a368-1645a200acb2,Institution Max,Clothing,271.26
8e03bdee-7044-45b6-8546-55b5c07fcbe8,Dark Max,Toys,237.86
344b5b0f-b7f8-4a2e-a7ce-92853da9b5d9,Somebody Max,Beauty,231.49
7f215198-5a3e-4336-bcfc-e46cac28bdb6,Modern Pro,Electronics,225.85
af9fa6fd-2f12-423f-8e0b-a2ebe9a2ac3f,Surface Ultra,Home & Kitchen,354.98
1854a63b-1954-49be-a49c-dd77c7aa911a,Notice Plus,Electronics,159.72
1e275c21-ca4f-4eba-bd18-2c9aa45c966b,Job Max,Beauty,82.63
3554008f-bb0a-49b6-aac0-025e715a00de,Heavy Pro,Home & Kitchen,104.32
3716e31d-cd93-4c2e-b2e4-ef74ec0d35b5,Of Ultra,Toys,413.81
18135199-a6e8-4fe4-99b8-c07eff84572c,War Pro,Beauty,397.86
605cc9f4-b938-417d-a7ab-f858fa1618ee,Beautiful Pro,Sports,225.63
d72eff13-91f8-46f8-b996-5ef9eca89784,Big Pro,Clothing,441.95
6db9185a-4fa8-499f-b41c-a3939c09aaf5,Commercial Ultra,Clothing,242.66
